name,ip,btc,password
Arlan O'Lagen,239.241.245.182,13qVNASiX2bH9eopFKSKqzrjCX83KUbKQo,n7wFRZgE
Vitia Sawney,249.173.204.58,1PtMV7utHiKgNWMiEcud3UdZoSDtYf6ajY,YUsaxmuMFBP
Selina Avo,246.152.202.56,1EWuUHS4BXnVNw2yQ893wsgWRCnscrti8t,162r63Jhm
Kirbie Husselbee,242.100.175.98,18JvKdkfsKPdk8RAV1ZbTukmBK5cyvdZ6u,WNMKIkzjl
Karyn Milburn,216.224.233.217,1BUC6YveJUspKX84FG7WqyYqAPgjDc7ugB,thSuQR
Mord Forward,201.191.113.5,19zRvSSzJvsbxs8UvozmXEF8NPJoJnJQbY,1XIgh2LE5MeJ
Kiri McCloid,132.151.134.135,163caMjv42Gs6Ajmj8BXVBdaBE7Nw1fG4x,QYfh0q
Curran Brelsford,35.201.51.237,17frk55uk7utzQY5mLDqkuRwZuDyuh21so,LEFqAFmV
Aarika Issacov,45.61.210.251,1BQLnMm9dxUCTPaWpdYGHnzyM8Mp8KMuUo,yrEorh4ph
Bayard Langstaff,185.227.240.51,14oSk8dDpP4ALDaiHLKNNehLPu8CpGuyRX,WwjesYV6vHeD
Paxton Tew,145.189.132.181,17Dtvsecppe6CNWvqcRCxpPg3uNaFiUx6w,aSDzoMb
Jobyna Scurman,204.227.252.147,1Ks7s9CTRq8mEm1ry4jXTNb2VGZZvRYZ17,GGU4wBG
Thomasine Iorio,168.22.30.229,15LdBJwt7ih23SFZruJvnP97ZeGfAbRNM6,tRK1GW
Annabel Schohier,211.9.70.193,1MnwwcS2DR2EcpNn5r4ocvMxoqCSGE5J4o,1dN0n0sq
Alonso Harcus,226.150.249.114,18tkzuMGFgXpmCemeWuR15YnA99zzjx8f8,jYejNZWq
Lorena Trenouth,232.222.24.118,1KJmdFasAq5qoJ3qF3tnTuXWRPh5YdAFhp,Gn7k4mni09
Kalila Heater,143.160.105.187,1BrCpF3qSkLDb3BcaygWoPCoNxPgyHb6xv,RpzjlLYD
Betta Ealden,77.113.118.1,191UDrF7jyif6HtoN3odkuRms5KUKnDfMP,X7oIicfS
Cris Piken,155.231.84.41,1FgFNLqx362sMSPmdFTD7GfZehfZsyVnEb,2RSGwRNTZPZ
Wallis Souza,83.162.249.183,12nfWRCfSKKxfkbqPntBAki8vSh7bUmnV7,6jPSiwFIH4V
Roth Skeffington,49.74.23.36,1GCJjy4A2MMo2Qab2E8hsMRCbY8bWnqun5,uyqNOUvYy
Allistir Camous,245.239.13.171,148q2THrhM1tGqGDF2wXxVNmn8fEiGnU1d,FoAhNlJ
Clem Danshin,133.239.210.248,18mPpP2iHwdenJ4TvsFZyb5kru5sa84Lar,19UCqMd1el
Doretta Dagg,220.225.211.110,1N59pMe7pF7ADjVGi8Ntr5YKtyWAUVM6XE,tWexu0
Dionisio Knowles,163.104.183.139,1N4w579MMMCp9owPXvVVWHHFCd44So3g9h,DqwtlJOOK
Martino Pacey,104.134.110.175,1FXXq2N2WUg5Hc79YB9i2Vz8QEFNxdMGKp,Rqt42KZW
Carlina Fealey,248.76.227.158,1GosmrTBWGbELyGnrEJ34Hx5ffGGuudQzT,kQFOubiSmbHK
Sylvia Hanbury,226.146.40.89,1AwoAoW2XU9jz3LCTuqxVetMxncsLttGKf,BQZqjwTZjYc
Chucho Frammingham,49.246.14.52,13QNaSAjLZyn9CZBgSjivU3YgKgkpdCZnB,PHVm8Gn9ov15
Robin Dicken,101.157.24.29,1CCVL7iRBuucPi9JXJe8YwccVAhw4GHY5y,KjRm7ZBs
Loy MacCosto,37.163.72.45,1JzkbJizNzrJDLvcAJTA7XFDNTnaSTBf6m,EcLnpB6
Alvera Sirmon,75.131.62.22,1DY6FBiZPQzr3eiXTfji4rzqU7BfMPHoFK,ekm8jsF
Devlen Ollie,188.93.44.126,1KE9xrzp12D41LYiAWvDEisaQLbxp7NQgP,GX5z86SWQUH
Stacee Kinvig,230.15.203.31,15MJd6rPSoJCRJ7CGahkicqwofVERYhCAX,yr4bJUN
Alysia Van Arsdalen,43.70.142.153,18qybY71oqzT5p7SqbyhfEMbus3NVg8KCk,abCXJ2FG9ylT
Raimund Girkins,103.194.2.191,15T87K7iTFnXUynyErFbiqRrMh34Ha5m3N,CTLYZ2m
Pauletta Alibone,33.217.52.162,1KsTrsfPz1bsJUSFneAXYoKxc1W8pFBPPv,D3tlLVfWClqw
Abigale Glas,194.230.105.10,158MSxqqE2sXKCxtapsBBZa3doSXXk7i7w,NwzjQhbNKu
Olly Beechcraft,11.112.145.81,18KnvRwbLnAgiBvPY3rt4vNqnjVc1aAJYQ,D6NcG7
Miof mela Walley,151.187.39.35,1ETgUiax8gohsV6EcXEJaf3ANPZ4GdJjW3,r9wqQP8wY
Rodi Poltone,25.30.96.99,1Kv3ruZ6j6GKDxbNBipH9v1t9qQuh5efWw,SoJE6QVcp
Sileas Aspinall,114.114.36.49,1GLiLXiErSJ4FJuYZNGuzh5wcdU38oo7Vk,Pe8EOn02G
Jephthah Allman,184.252.84.141,1PAcHbx8D4gmVamEdsrx6ruPRDS66uNHYF,zTjUbONYXX
Marisa Jahndel,237.43.79.4,1Q5SLBeo9iX2DbjhnhHtMyPod48jJrNiPC,b4D6zgYPD
Rozina Ketts,146.61.186.98,18bEU4d5WZ1hZ66FTciHMorBSamUEmx5FL,fs9eSWNnxqPJ
Giordano Nizard,22.252.199.46,1HcesnJDpGJjyoKhUJ2Tr7Xv9ZqRqN2mUs,9X0RPDp
Kendal Pinwill,255.127.236.246,12tRPQoaX6oaV6tsJRFgnWW7LpGD7yRKaN,W8gv3GV
Teddy Ninotti,208.161.110.227,1FFhPeYjr4HTx5vTwFGBz2GWRyp3AWz9uF,VeN4pZmak
Guglielmo Fronks,215.115.134.161,19FiciCngDCeidjD1gwJ9r8khiFr3cUguH,11tfwSEzV
Eustace Viel,196.103.225.163,1M5U325vYiKTZUZSXhBn1hcfCBtzxbNxnu,TmZM7gtIi
Ignazio Mawtus,56.222.22.10,1PsKhqn36Hf2CBBUziGeff7DReNsPCmfTE,fAwdVmSMqEY
Giselbert McLeish,132.146.109.24,1EqNe9nfht8WmfsWwepd7mT6ScRpx6Ljc4,RUEHD6ZhD8
Lacie Nias,246.131.89.225,1AtZFLE3cuVU9hUKoYR2kSpFWoLHJnRfZi,HCt6sPMdAa6
Alic Tatterton,231.187.2.66,189XuTw1MBzBpVSGAxGQ4qPbH6NseE776c,ftXcOrzpyoD
Bale Beddows,52.76.90.106,1MMdjfvt84RsukCzuAqp1hpLMxqpemincJ,YIWt3zpu
Burnaby Baglin,229.3.174.192,12QX2dNk8tCFsJaNHG2G32M6PG7zizyU9f,QrJHhH
Tally McAlinden,111.105.47.242,1PyDU2xkNSP2CgPRkhz8qa2QCNmma6VEkM,gNYfFSIv9CM0
Maude Alexsandrowicz,112.169.222.126,1LVQrXNjdUCs6VGudJnudJwKnzHTAyHSat,eRw1q2
Brittney Fassbender,82.189.88.150,15BkZSbzwUzW5UMRjaa2ahBdJ8A3zpUpFC,WglfeLzozJf7
Beaufort Boullen,196.88.135.192,1GUH9hramLnFejjc32dYeWutyJVxLgUjgY,IO1n14NIaU1Q
Datha Drinkel,63.70.175.21,1JdJRCCf5aTjCQPFJZ2KUP7XW1VViSC4Je,uHQwLMk8qf
Matty Barkus,189.195.13.57,1CRbRhYzwX6Qtw1i9Rtvg3MCz8HZm9JAs6,XKnne7Eo
Marlane Kubu,100.166.127.184,19VRYnpr6byoWeCWRervRmfJ6uMRR57Yy6,joawRQ
Verina Shurville,131.215.193.172,19mRZwAt81fAHWuhsYfyS87Qwx7Rh8AY8w,m23pS5z9SG
Theobald Jan,120.143.45.78,1Bbj6aGvW9t8aqxg3GqHX5FMTBJQ5ngzZh,NdnjaamaeH8
Kylie Stickley,134.198.197.30,1AThE3GB73SudpycXnyTSH1B5mKAdUgomZ,K5EpS391C
Gelya Child,244.222.60.239,15jTFTdVbqHEU1Riq7xmaFjXctvxZ4sBAk,s39A09dGbd9
Aurilia Konrad,145.172.28.55,1EFemCGCgMLuTPK6QVQA9Z8euAAfjo7L1t,kzTzxtyB
Estel Shieldon,116.228.4.147,1BmEYJkn79E2yCZ7HJntoEW4jXnUtfNEdN,2H4Ft7Iytn
Goraud Grosier,227.0.95.232,1AXQxns6j9Hg8i8u3BfdrocpTGGMxDEhyP,RLaDHngz2d9
Carter Hackett,23.229.17.194,15Dg9NeD1mj7m7LJnAK7Rb2jpYqJKAwJGa,YqsA5UA4
Harriette Mein,20.230.56.200,1Ji5X4m61nxEaRAFy6wPw1tKHz3E19s6WX,pYINs3NHpRo
Lefty Geeson,127.50.50.53,1KUXxLnCb6tevL6CABD7y5SZES66eoNsok,mapZzgshazWU
Chad Worcester,13.41.124.254,1LzG4zoBVdw8NnoxCNVrbkqFMGJEdSb6ki,nJIOPsCM
Kamillah Geffe,252.131.154.56,1789VnMD5k6xnE62BhQxrE3rH4aRvgCEYU,NZ30aVIaih4T
Idalia Swadden,202.170.122.63,1DGhUBbv3UTnESUBLUcsBDY5mMKjt9sXvV,Tf9LYa
Sukey Hainey`,167.83.44.214,1Hbs8nFfDYDzmhovjuJTkMTgvpL5yne22a,qytxQ7GxqD
Derby Colby,187.143.44.108,1FVDKXQYbL2KxDjQNZeX3ivyd64TR3Kufe,eSrTHCo3T
Mervin Dilks,218.70.223.245,13boTLjLk8QiLB5BrVv2cyUWrA61bG4K13,JquByudaI0
Baxy Merwede,65.166.38.153,1HQEM842a3RUxqRGU3hHKDyoVsTrCQzYLj,l7snqYva
Alexander Mateuszczyk,99.249.48.149,12SzE5qhhsHi6xLvoMa2YRuXVf6sGEE7d8,BVIr0L8QmE
Zorina Krop,242.49.189.58,1Q5QjyM8oXFe6CGxcsVbwRH5Jsz4kxBy8E,ZxW51xUXYY1B
Fowler Laurentin,245.91.14.244,19cVbLH5dgPpK5Fe5oH5MemsKr9v1qtG93,vRIhSxJarsH
Norrie Gant,23.188.113.32,14wpKHxaqVPJAL29g9h2NixTGTUJtray6V,FxSBfhNQf0Yi
Dana Henaughan,102.41.45.175,19GX7LJUq4crxttypfVU7Mru6eFWFv63Ez,aVKr7IA
Read Sofe,98.255.111.46,1FcaTXMRvjD38n7Kom8Vn76Uz3guRLcGKD,3tcYhTvVMrcX
Korey Brouard,35.211.199.182,129LUtgscahNXZKd8P8pw5k5Rf6ncV37ap,eay5Fc
Rikki Webbe,177.102.26.202,16d3am3wWygVtHRcb2jYaHg5cVWEonZTSk,LLXXbK9C3r9
Patty Emm,2.215.213.135,1FG6iCFahvUNHZs92PHUV4tc34uUSRC5KT,RI6MTKpD9Wfl
Anet Duck,44.94.19.177,1EmgFq5Gop1gFZUi1nRDVgNkyA4vQCxA4j,3IFfj2V2U9v
Abby Raoux,224.61.125.119,1Q1pk6CCRYrh3vT8B1JMrdWJiEjDnCtzBm,9yagDpNiwzQ
Tina Guinane,109.235.110.171,18prWwFFWyU54DMWSn92kWeNtWLSuMGLkd,oQ5LOU
Romola Dimitrie,79.12.17.165,1Lj7b7PtexD2xBmcvL9dhJ9tnwK7QQV7t5,uZhUNMc
Matthus Stanislaw,210.26.9.45,1M4u4EoSSoDSY6SHdeJY1bPcMw15uhurQv,HZSfk6Z
Giffard Lumley,203.202.32.192,1AdHScxUwfD1hKhByEfz7kqrqjiEAi5u3C,3xCkJUm8OR
Julianne Yves,9.108.191.242,15yWSTfkR7uTQSgn9qTv25GKGse2v8872g,tIOUrdjJ
Karla Sanney,44.179.108.57,1KCd38GPtWtvxAv59cSzAvMZkxWcs6cahb,UelshIruMsNY
Gualterio Dibdin,186.154.232.251,1HtEpj2YrL6dbYG8ZbypqYUv5hiydn7gP5,ErSvg4
Carver Pashe,242.204.31.235,1KXPRHAn54YhzCpWaoZqYADAiLrXBPdpU4,JhOPapr5w8R
Claudine Moulton,196.24.252.66,1DQ8dn3eNGq6fAy7EmoKAxSomzsM4hBAzA,Mbh9dyx
Cheslie Culshaw,143.151.105.174,1FDRFAskyLANvB3kYcxMUEJzr7cABGmCUz,4r642aLN
Mary Mebes,33.151.55.60,14Hh17hGzN9a9wvCKmyPR35UB65pPSoXXh,3NAsyqUMX0f4
Enriqueta Tuddall,71.112.21.48,18VW7fCzQpT5TrC2QXb4KXTzFUyqoQQJ39,djiQNbQXb
Shermie Caddick,70.5.123.198,1Q9RGgoyF6LdSfEttEfgZBVq5izZso7vwj,8llUQqgBWzgX
Selina Swinnard,0.192.124.140,16x674pkefoKK5V21g2P8UMq8h2ukmYVNc,zqa7YN8tJa
Onida Stebbings,153.34.31.90,14mm7Dji5wG57zSqM8yKPnmyDLUXoXmQJo,Vju8qVw
Lennie Meighan,3.160.122.26,1EXpjeFoNTTqQNH97Yq6SqwfcoZjZuSdfE,JO0kslnOJWj
Reuven Flannigan,97.157.208.13,1ytrCGhZDpf3jAGZGMcCPPeVkLFwHtczC,Gu9Gxla51
Isaiah Burtonshaw,245.179.84.131,1PBkKoq25pYn76osHhfPyj6M7WBCQt2pUi,MTzf703
Tadeas Conry,143.34.230.195,156ahoYR8kEjXUx9Zqg1xYZG3KJwpJzw1N,i2u1Otj5DKqh
Christiana Freschi,13.42.221.198,1b3DpRCmaUZ52GmpAFRrQBU4ipdBEqXcA,t2P8AQ
Armando Redmire,189.215.58.197,1FMRxAeF2GVXvNjACvXkWLFJEyKVTk61YH,ZyJhxmIqp
Conchita Fadden,145.216.59.236,18aPPkcXkRgDT31MskGTzHytn5ToYT8J34,VuZK9jxbMsd
Clarette Whittam,207.136.89.170,1CGgxLzfeKudhi3BJVCAtMomTCQTFAo3qH,R9zttn668T
Rubia Torald,31.152.34.73,1KzpU63Mt11ojkHUtGKRosYFiQHVfifgTA,5Osg8F0D
Ruthanne Pavlovsky,255.90.162.175,1NtFCuFZvdYqBWe2c87J6rwfqnn6zhP4Vk,4RVARmfcPg
Rakel Kinnaird,40.171.90.196,1FLCnYqW1rkdS9Q9ybRgWuiEFxej19RWfH,vEKeO46i0rm
Gardiner Milnes,199.174.75.155,16RaDmqzGMCySkKniRBvqK4VuhzykSYVE3,KCia47m
Daile Dobrovolny,62.17.56.164,1BzFUwwT87coX87tJ2xkZU562M4jQ5VeDu,h0MVKLTN3XH6
Anselm Sturton,78.62.158.182,1GrFbJ3BV7fQ7EfiDLUeeXfgrA36gFDhAC,k6Dx5zhK
Stefano Berick,172.126.209.56,147Fa1Too7nYGdCAPNUpXSJHKV5osBnmCR,rfRFDyK
Arvy Gilroy,163.133.244.37,1PmmUyPXSgJ6Vizh7XSdfVGNseHjbZYfVb,VyXr0C9asX
Michail Featenby,159.22.163.17,1JwctiAtNv7ijtDd9391XtPRfZKBJmdwC8,49wN7o8WXZrO
Margot Peaple,246.87.139.153,1APJv59MHSUR4e5jcpnt2KAQUu1vXKy6dJ,iMZLzTqo
Bel Kobelt,115.210.196.181,1MW2Py3uwBhiGCVwttQ8ci3Y74Ktmi1pYF,xSTHAKO
Valerie Osipov,52.45.252.244,1K8YhEMFqJYDgatoktgPcLVZGWHwJjNnAD,zxDTGK
Isidora Oleszcuk,146.64.222.48,14nxruXhc9A4VigQtqQrM2fevaPh8ce4HY,WimbCfbVz0MZ
Jules Swepstone,208.88.230.2,1BzTe1RfC3zypU3ycydeCP9WNVuWc936bd,489af3j
Alyse Dowles,51.101.222.254,12ifqLsANxtPnLTQq8LAkP7AB8UzQuvu1k,Xv8WUM
Bonni Hallstone,52.0.133.201,1EGQxsBnwsvsfg8md5Gm8BijxjKWCsjMPs,PFqzydSn2k
Mona Shergill,1.233.224.95,1FKn66gCcHo12khHd2FZU3rZc7mQSQutJY,3UYXY7Ojzm1q
Winnie Gingel,227.38.239.42,141r1MopmJxcF9gmRdMmfywxd9j2exY5QQ,xQcY31e3ctq
Lemmy Schruur,223.38.179.129,1NTK1FhhCuvDmTxbVCYjdbppyMJL9Hymc3,pBRwYsN
Pammie L'Episcopi,240.118.66.93,1CM8n77KcCMmmpLRCtSjmz9uWgYdTKZpHi,pBN1f1Q
Derby Belloch,111.25.115.200,1JkqF62MxHe7aYDpWEjTSR11x19h8Yyuzu,f0BblP2
Jany Drinkhall,71.76.198.165,16GY84y8tzM7frZeenz59iGDAQy9g14hJD,KUN0nnNMy
Cherin Folkerts,162.110.10.87,1MpDDNBerMd9cKrizceF7Xp5Du5GcCPqaZ,0Nhq6CWZi
Yolanda Hains,5.238.223.229,1Fgob1w8Z3QELsrLs6t1Gd7pgZLigxMU8m,c0NCZe3
Sandro Whittington,51.154.9.199,12nwKe8RiR7CUE3q9dq72m7bPaY24u9SGb,lHTgQXIgpPfo
Berte Knyvett,138.139.212.169,1H9eHBqgQmFQ3wUb1S1p6eQRS8HceFUJfv,lHk3DMHKq
Jaclyn Dummett,183.234.41.199,17JzsQMFBRmrKMHesAfMuDHRhTscBHY8XH,5wmQOc
Dalia Carmen,74.127.105.220,142xJwqQLwKqPoicHmCCVCtMgRhZti4AVS,PqsXqEkj
Elnar Marchington,138.224.35.176,15rRoboRM3xunqseGQiRa2SVpWbQnZtYD5,6m0sBmss4
Yvonne Arnald,134.43.24.189,19smzqkbMmerppg9yFHJGmqznxbq6nRYtc,sEAAOEJD
Clemmie Rosenbush,238.159.216.138,1FHoJ4c5bJbfP1fKCw969Svf15pju95ARQ,BOF09unMMYJ
Flo McGunley,75.176.238.142,18HaEt6KY6nTG4qSZLQWYsr1YLtZKNwW8Z,93XlBj5wh
Ciel Shooter,39.238.42.55,1ArBmDu5TJC8JHaiwWSMudatmBNa5gXzfK,6GM3Otq
Matilde Poor,163.233.113.211,1524zsiXMe1crUkN8MwbrEaBCZA4F1R5EG,OoR6L0C5JQ
Cyndie Pelham,23.197.64.57,1C68H66BE9Qj8LhwGA15ERNsYKidE3T3XD,TCZjwiY4J
Glad Dawidowicz,227.5.122.204,1DaYXgTYrTondrpVBCXAzAP61s7wREhsxJ,bd3ylqF6h
Colver Fanshaw,185.138.207.90,16Kx5Rg3ZT92RDb771WqxmFebrm2BHyM6p,3nORJs7E
Janeczka Matlock,221.66.29.202,1AAycvB3sEqCqHNcayw4fNNpJHU6Mgefka,Ggc9mCmxr
Gussy Piquard,55.103.182.220,19w2Eio3oi2wXHigFoocQ2t57QKQVK3AzL,sa4tWga2wJa
Melany Worton,33.92.70.72,1MdJVp4S6rjgbcho7e4zd8UegdLju6z8ra,6SKK1chhT5N0
Cathryn Dagnall,123.165.164.147,1EhgemjNfPrGbDApqDaXb6cbCzTyZR3sP,qq2H1EQWj1G4
Jerald Danielsen,18.24.99.7,1NHQkQC4rZ2HJD89aR3wk35kMcXYQxoh1R,2uG0vg
Magdalen Kennefick,173.241.163.40,1EnzcKFDS2jtC7v4SJhBPvnP8zp9TKPETx,DjXOYMJ4M
Warren Hakey,58.164.4.146,19y52KRZoe8rzRmPJgyPpGcEe9C4bgkM9e,pua6KqWa
Alie Ellor,59.20.216.105,1HqudzA1iiVmwMY16xzNWhtrpQrUvzTrij,FtqYGz4efBmW
Ailene Rhymes,121.186.189.163,159gJvf7ovDrbdgeBVPUWoeFizN6J6UzHi,86X9kc
Rebecka Nussii,130.231.52.86,1K59Jy6mcvZdSAHVmufRBxYqcSAMtGP6Dc,5lCQwcvCH
Maddi Maxwell,239.91.194.135,1NQDgGsQ5j3SUTCRet85RkaaWJPNqM1BDc,UffsfK54wVE
Moritz Derobert,100.0.159.127,1MjEvxjAyyXtoTzFszF7BrXRQ4oKhZXMq7,tuVBJd
Lona Brinkler,35.210.199.65,1LDJipHDHUG7K1VcskPyXuANgGkPQVjCMy,fALFwy
Gill Woodlands,147.100.75.205,16z5624cqbw53Tfm5MZ3pwkNkUuj8yoM6P,wvXBzea
Cristi Bedboro,107.17.89.169,14qGjK9fZdY9eZk9o1y1RSXHoke3RLA82q,7qEU2xuy
Cristen Moncreif,72.137.149.93,1MoFWg3Zjp6ttVBAWokU3NyfeNKVMp7Tju,odQTraSUh0
Richart Lay,87.237.194.55,1Bg1tjp3V99BsCzwbmwgUuR2SZfs4hE16D,E1x6xsMZLB
Vernen Frick,173.77.29.100,1Ksy54UdiXERZKeeGpXjemUEMeq5o72pjC,yK4boLkcO4q
Rivi Batteson,250.139.237.49,1JAbXayksPYLfSZqmKn26rdkJyBeeXHvPQ,2rjO6TIAU
Donaugh Geerdts,34.0.29.26,14EXnQEA4QcUGuDrhHqBdebTvGQTT3f6B4,7KKyt2c
Sheridan Evershed,85.179.96.230,1NPNvJf2W7kDBa7kkaJAL5LerGitpwz1cN,DZJ2aKS6qe
Claudius Buckthorpe,124.150.210.3,1CmsfCj4ak46GHS9H89JYdNf9aktejTBrw,ODfaiUG
Ado Perkins,149.100.180.196,1J9RxK9PzVXA55mRuuMU1XULB9psPLwf5N,auRdFyulW19
Jone Rembrandt,198.219.30.13,1LajiCTT1oYgNcnNg94dQYPymXTg9QBk2h,jv861E
Idette Drowsfield,61.149.112.136,1BFexvfaZMihBX5GyXAADMg6PkpKYjrymP,no7f8H
Darrel O'Roan,255.108.134.165,16bgjb1FQ4bnomY9ixjkNudbAjoZMdCHa5,HzY7MubGxS
Cart Tankard,204.231.171.12,1DsdfHE8mBV7vBnCepZSzBEmqz2bbuf82W,o22dRP6r
Domingo Pancoust,230.205.175.21,19S32DkD11aZtw7P4KJJA479rGEJiEeBpj,jZuXDn
Philis Sherwyn,55.152.157.151,1PTZ3Xc9mcY4v8VAKhXnWnpcXkXmk1tdJS,x0fE01a
Tabbitha Groocock,214.20.232.213,1FdZC5Cpo2j2HFjGqDEgAzZQF9kJde3FkY,lenHwG
Ber Lotte,136.197.6.58,1CkSTPzsZ5LH8rFr6fjKy8aByEvV1dazMw,iMVwjE
Cazzie Marder,151.227.234.213,1HNRCBiqLkqiFnafmDdG7Y57NDEpa1fTT1,2DgcyuXXA
Ezri Grishakov,140.22.86.51,13Fdpsq9Xpf654ba8i28hXPL3e4JKPQ6tj,kOptX9
Keriann Filon,184.184.16.94,1JDjSUC655jGhBWXUNhn8DijVY8UVjshq9,En9Txdr
Emile Shackesby,131.48.174.72,1JXwj3ZVqU6d4wFywao3B4g9iLEm7aZd1k,nCgRi7sh
Adrian Ivanets,224.150.205.5,1FYBAoy9TddNDzbFcgNr6Y4AxzV7tJNuNC,GJntkftX9IX
Rolf Themann,152.195.69.146,1F6wuwWwp7Bt1DxjyEGWLvuqgbTaKmafFP,CKL4Gvc98iW
Karilynn Cozins,178.141.108.199,1DAJTp4xSHUaCtxoAygDkjEi83vxLAxYHg,kF9rwrzbZxH
Wiatt Redgrove,78.124.254.50,19PGtzw2EoSkVoPZHnZ5H5LHzZupraAuHu,iXsb3gDOA14
Ev Midson,177.91.206.80,1N1gYXNXyyTmiAPA7irbVD8niNRAaYsHuB,acFWinCXzdd
Fionna Urrey,142.100.103.5,1NCHxkshvWnZ8ihb4Bz7Z64w58rDZppptE,fwFq5RSOFM
Aleda Blake,186.114.56.42,163JgkivRWTsJCZEnYvcLk5tYrUq3UV1Wo,ES6JROPg
Carita Sallenger,87.143.18.168,124WzEhoTHAugY3c4zA3x2jgQYpEnmW3yV,i5bKa94
Symon Gleaves,62.123.92.44,1J5NawNGWHB5XahgcaYDkN3jwhdNrzBiJo,kYkPBo1Z
Blane Sheward,191.45.210.196,1AiSFiibjX3itfBjTkxKx6ccG62x6AfAQ7,Yygna8BiQE
Gerry Daish,3.109.78.4,1GjQKvo2eQdSuCR57siXGY5f3Jkp173oz6,jCKULX5Y12
Marti Hurst,15.151.186.235,14Dc1kNuPSv2nUeKTQZNvxkFNwELdJ3Vmg,DCuiLTo
Tremayne Waring,12.70.137.52,1382kwJ1mMk6qNdGJzXtPNYa3w5f1zDXj1,wQnASVF4CY
Cate Crowdy,14.255.79.107,1AGqRjZJRXGy9B71qUiaV4a9Ek5Di1meH7,QnQ6sxW
Kinna Causby,2.22.70.156,12BCh7CbVAuFPFtXWgFwP4jESgS5CGj75c,ozPSfUzzO
Dall Llewelyn,96.233.129.133,1BdgHfKSgZbxjXAbg19zvEAbS8rA7fUg6b,fBiHnhJuZ
Quillan Yter,139.210.112.37,13vrbHW5DaKq2cp6xJupQAf8H1f3yEt6Gk,FzueMisyQ0Y
Drona Alwood,83.189.80.4,1PPCHf3oXPDjiZzUBRPxT4iNoyz9ANPgPM,fNhfDYj
Percival Pembery,109.46.90.138,1FPiY3UvyuMukPQYm8vt6gMTKcEBPjuNcG,DSYWsOp
Josey Siuda,228.39.90.111,1CubBsM7qDzyV5Cq9FEFxMDSSpqqVfu8aY,od4lrfVkp
Con Cardoso,35.33.133.200,1AdwYSrFZmiQYXq6yafgrFNmEUFmmc4hHL,JGYnr0R7UC
Jeff Obeney,114.15.37.79,1Pot3eZDweTgYRnD3WFnskMDHbwULfUXZc,LcpbMwib8L
Justine Ivens,133.123.96.224,1G2kycQNjGRFEuZYP1z5HNUKkwswN1k23G,Ga6UcelD4
Elaina Hoodlass,18.128.141.44,113LM6ydjTvPC9vUAqJriy8aTYbs4KV9Xe,8O7O0SA3k
Donetta Ledwith,53.213.138.237,1FK4dic73bhHdSRcN99E4M6XZvF1nKpKdg,hea2GlmSja
Brantley Mont,121.214.143.163,14Vm5dZC1e5TN8oWPBPo3wfzafjaQteHvV,wDlRzXvaTu
Jonell Wais,192.138.239.155,15D7D7iPnDsgySFFx8Au5XTeZHs3N2kDFD,KHR8059kM5
Bridget Krelle,251.11.95.230,1287kfeec5LyCbzDhgUeygWbGoXmSzrC1n,H2o6JmG
Lyell Cruz,240.172.111.14,1DiUh7kP78RDKrcAXCSUkVhd3hn7muyGwW,wf7xOKmlM
Rici O'Doireidh,55.165.178.111,1CSVUrGidkKcfTUoG2nguUoGgYU9S8QScA,u4NpCQNXrs2
Angelle Ojeda,85.167.155.65,19ThEtAfFF1YdivqJoKKJJERPXuDqk8hHU,vBpHiBzRG2Rx
Kendre Swindley,18.154.207.58,1C3ZQbN5ikHSMsuRv6fuNt7ffxCvfFeEKg,TgIknpKun
Valdemar Turri,45.237.191.107,1FijsPxuiqeL9F7GCTAB6cytgAh9V7CSRQ,wXQRnqXJgr
Thoma Bexley,238.192.233.32,1DEnkawNN9YJ7Noz2ahpGgXGrLE2gYTfDa,lylA0B0qoi
Stefa Drable,227.163.93.174,1PjWrwFDag695HU9DqRjc4JPxuLLRFX8Hn,8svQENQEo
Leanna Gomez,27.210.121.32,1N4mwXuSmzLD9h3hvg3K15yrzkAtw3KQjq,KvMbAReWgv
Mikol Dunlop,187.214.186.22,1HVnSvqBdsx57XnJg2UGsNEvjvkDsBTqNS,xdHkEm8VOE
Querida Lomas,218.51.211.62,1HyVgGkC8kruLHJ3cZVhRoXf6hWhjScyiv,WZJlDDWWe
Devinne O'Gorman,82.22.177.210,1J1zX6thQb1dYb8bJMvYdb8SJmGdpY6V7q,8PV5ed02
Charla MacDonough,153.241.99.127,13AAxr4dXYxcyoq4Uf6DCzwNJrn8dfUbwM,U6yRkIQkLSJC
Orland Lowensohn,84.78.68.93,1F5NWimnERTW3UwVxYZZAHAbJH9JwEdc5g,Q477zZMoqe1
Oralia Whittle,107.186.209.137,17JyZ49o5FqDJkuzh3xCBAD5JzSDGi4LnP,2fKmZkU19
Valentijn Dell'Abbate,38.139.64.84,12AdtsCD69BSEDB8fUwX5hwGkwZfyw7Muz,9d6CW90a
Riccardo Middleton,113.48.176.53,1HYtgxyDJMpMWKjyPXRXQM2YbUNZurJW5v,peAR3mbl
Gary Lamers,64.251.128.6,1JgCuoUcjot7kDXF9e5ADQBmGxDwgfKwr3,HRViTcjo75z
Wally Danelutti,84.161.197.224,1FnwqL8SQmBuZgj3TosdaRPXpMssRzGr52,2O6gwMeBWc
Whitby Kemwal,176.120.180.19,1Ln727JSjr7Cyqo2PX5YWnYv146ud5rbhm,NNeflN3CBv
Bernie Caso,47.90.165.58,14DW5weA4mqq3vuCw89wy4aABiTgz2cpqR,JNCpAeiP
Bunnie Douberday,163.185.3.198,17vavneBi8DBYvUYgszbMX1CS6Nt1kGVVg,1Ij9EYRzjFE
Lynnet Wellen,194.113.55.57,186FfZhh8Q35hwVqhwkvWLjZM2ZFfsZSYx,VH1ZE3JBP
Lurette Foad,226.189.140.92,1E41aX1Ex5SxW5PeAtYVggzJPiJjGoD5Ew,G6DAG8bTF8
Kessia Nielson,223.250.159.37,1CJ3EYuRu1Br88T4wRdYzkYQqPqFQWLYdJ,bcVTTxHaME5
Thibaud Stryde,123.171.198.152,1FGAke73tMDC2mjcZffwBZ17GrfZ83c21J,La54sjf36Z
Caron Millbank,208.234.141.104,1kkwPqaGu1hnGweYYUwDL82XnD9CVmcER,ONhKgP76u
Gearard McCorley,216.174.150.134,1G6qTAm9HJ95dTexCXDe4hvd9DNFgGGUkV,gl69lSP
Ellen Triner,190.225.48.11,1MSwuFvvuzRaFyXAz6Q6yzajXbaZfTpCzA,6VuWxJ6BBofs
Elli Mouget,50.203.139.54,1H42UyNMRUV6UwJqRxtHZn9GeeYMVsgr5T,OwoId51Em
Sibella Witling,88.0.45.35,1LBP3dLZqAMxoG57mH8yCsQzqZW9JvUmAz,EqUe6nd3Pya
Ase Castelijn,247.172.100.247,15fP1qt2NNRpFs94Ce3NjYjGX5v12tKSrG,ZBhbNlQjEVn
Diane-marie Chilcotte,114.141.194.61,1P23doZtXkdUhDTPERHkBRvqPmFG8wrzyW,XypIYhccG6o
Helaina Matveichev,18.209.255.48,1Hz51bng6ZYWeny8sLNxtEDgN1nvQkNAxZ,D45CfPRO7KX
Cindy Wilkerson,98.68.130.162,12Dr37fPYj8bzed8dqTALpaf91CcZzyrXY,CM3Egcm75
Frayda Ferreiro,155.125.69.4,1PVnSrdkinKNio7Dhe9tNSzPNs3mt6JjnQ,zl3lfvBJohY
Buckie Ardron,131.247.154.91,1H56sCdkWpkKz6ZEmtmmrfrKMdgDJtYNmN,Iy7eYKTM
Wolfie Sturrock,143.70.38.96,19rYDRSsrYE2Ta2vo8E2JXiW2qKnoQLt14,sAVAdga7IP
Eartha Girardi,214.19.65.47,13FzVjKUeLrEYSkw2DxMeodUYDDTBueUby,tEOtVuOh
Isador Summerell,59.204.27.37,17fKjMi84xzcs4pDbFQcwLAmwEbYTrTnFq,54IJyIruLNu
Adamo Goulbourne,153.114.201.28,1LKvv7skEBB7eYHERMdyveCAea8jYu8pNf,n3YOrKbw3
Elnora Ambrogi,71.66.57.208,131gEpyi8yuKeUiwyDX2QpNpr7SdAJ7XX4,ktFM82
Staffard Gleaves,226.131.236.236,1BiDQ77n37gc6Cu8y3x3aT4Lor4vg7naZg,QgIBOICHYiey
Lilian Maith,148.3.16.114,19ny34NNiqy2Wajr8Q9uvVeDamBoiGQsdX,DT2ZuUefyC
Brenn Delahunty,135.185.166.233,188j3xZ6CtCAfRn3fru1KtRmguPfwZazom,Nd8GEPr
Chen Matijasevic,62.117.52.129,1NEEW3ueste29uYvN9a5CtrkDo3Z7RxoAC,HSzCVsp
Harlan Ianizzi,64.58.159.10,1MHVTfzp1d6yy1kz3rx5vkXc9aVcTXsU1x,iSi25w8pN
Ric Coggen,145.93.172.59,197bP4zdBjypb9amck1bArWw5UxNJzkHM3,YsU5qqMIsUJp
Mignonne Koch,40.23.156.53,1AiNya72mkj9npoDgBKUs7VhxTYESQENrt,UQNKMD
Rowan Lovewell,25.237.96.119,1BodSbq6zJwHuVrUNTs6MC9jC1bEfRxkiE,rVIeDqZX
Billie Farthin,238.79.126.64,18AYNcY22QbFun5Eqx3UYKULHcB5QxhRuC,1INmQBUB
Otes Tomasino,104.11.180.125,16aXvTf4DXm8RBfHp7xPF5VArgWoksmcC2,MKR3WCxm8406
Nancee Phair,54.68.63.213,1NMeVvU7FUdYAMRmMB6Xp43MJSKaSYgzb6,gxHTkH
Karine Hurche,1.90.248.184,1CiqqHqLK8HxdDRL6aN6X49q3nUdVFNSm9,86LUew
Yettie Kezar,151.179.78.26,1PGcKyzXzX8ye9ZjP3Dx2kHrbtzswueCGk,YWA1VOg
Marlo Maty,55.212.123.103,1GosMKAaDVFKNJYtgNV628v8T2k3UzR5yk,wIILKP
Bentlee Maddyson,24.46.129.95,1KyEvQQVpn3931j3BQ6edw6CZHKSbWkxSh,eXH6WaY4
Raoul Antonin,225.31.162.115,1CxhkLDK7JArKESs7aDJXcp35Fu294BBYM,VAPagA
Collie Lunck,110.116.185.163,1GUcacoMkMq8ovTxRTEDmmu5LfWpfG1h5L,tUTag7LeUkm
Rab Tott,231.191.183.4,15tSKiFUwhvmP654NEsjWrmhE5joGDjHtP,rBMbdDnlC
Clarabelle Dominey,96.204.227.250,1NivXsdcJFGPnb8ZBcJqbvzSf19VWDg1kF,DmltHfPYntZl
Bathsheba Wassell,95.45.225.141,15ury8NgRqixfcyKCYeTkeafrs541QQaW8,bRtuaXN
Nappy Brizland,50.48.30.154,1D8dgJHuCQaPX5cb6vRo7psJ5WgwpFnoFP,PMgJEXMw8rg
Gabriellia Teml,1.241.66.44,1CYm5sgcxWUsqsPsDP6ZSL2E64eCdJaoAY,RwsZmDYH
Maggee Feldmark,163.141.226.18,13sht9ZDskKi9R3hUjV5q4SWMQmcbRNnAr,L2MFZaXYvu
Korrie McLennan,48.106.22.90,1PRpWPc41USAPR2P72dRhuiNjLY1GnTvxb,7O5at2nLw
Bel Corish,46.246.21.185,13hHuaXPeVTScCBLyh5wnWgtTudxJpwZYx,6ujMKTvM
Papageno Galier,98.249.162.54,172WY8X2pKbRUYyBhBmNE7EMNiPDMzneiQ,frB8vKMNHV
Arnoldo Slayny,178.47.52.219,1GFTWUEedwzBNk2AMRM9J1Uw7KBmeezeWZ,WdwoOKGHq9
Angelo Steven,154.172.53.255,1NHHzJMEF42D678U26SNSxUmKu3ktvPUcB,otWgbXke
Danita Pretious,101.200.228.204,1JJv43qYPgvpYLHKPbZaYNtbtSz2dntxmN,Ae1nT37EJvU
Gwenny Marcos,107.82.82.13,1Fj4Y66uAHYsFzNKEdQtaoaZAWTtZFoAqL,Fiqf2zn7
Boniface Abendroth,255.240.30.201,1Nmh8iYZpNCsZuSYrbgBY8yHAngGzRkz9Y,qFyX8yoc
Gussie Halleday,128.226.123.51,1FWmWVnzU8iqH5gX4wi4suC8tpwLR5pKbT,0ljsNFpTI
Maurine Frankema,195.77.86.54,1Fvp8cAt5ag7DsnGrs7aLiMJ8f6t64NFqs,FFIqvDQZ3PL
Johann Pheasey,41.41.214.201,1JoqB3wShtYKxScf4phbW85jsMD84SyS8S,jeHvZXkeQ
Pierrette Lamke,15.144.107.79,1EdVH5GJRkvB3oWFBqpuLJU8tAzBE4NSC6,3xCa4h0L
Leila Mustoo,186.229.183.169,1D4VyRdfE2K7pfCx9PhfWFt4bhvovRrgB,ihw6PvhN8k2S
Hanna Bensusan,42.226.168.85,1JjPi4GSBwDYfsFAzphLiT7x8KeTrdc45U,AavlTG
Bernette Warwick,190.48.159.153,1CzYGJ3VcbCJSqZj1568ccmocUwovpdxKe,vxVAxBB
Ezechiel Leverich,226.51.120.17,1HsPFa9neWGkxGyd8b4GEffigqhX35Hrte,QFkvY8zhSo
Brade O'Noland,63.162.141.144,1CnPucLe2ecSBQzhuxPmL4JDch65pdAc4w,qqStz9wJ
Abram Luton,2.216.180.126,1GqxeuWbA41U7mYPdQsdh9hCBUKbtkPwSp,LHXJ1XOh
Verena Birkenhead,68.135.160.180,1BkkXJXJLtXukW9cQASj92DcJGuVqJmTCC,9s3XKcmPAsuM
Barbaraanne McDonand,146.238.196.182,1BkHT9vrfSVhwEZHcGDnBhFUuuT6PQtF3p,zDWJHi
Maryl Rosekilly,142.105.142.223,1Cz1jqCxcJQi9eDGkxCySnxNJY1wwbg4qd,38TAbtAi
Carmon Hardwell,80.31.254.11,1DMpDAjMWMcqwM3XVdTqUiuGvuXNKRurM4,Cv7SfQdz
Janenna Kiddy,206.79.159.100,11K8AYJu1vm9UPYpr9n1oerq5H9HFzNh9,vQJrAiLss
Caroline MacCarlich,253.241.83.17,14Rwpuc8aqKCgHm3EtuAshBpPG4NXUcnNk,hoohzn
Chloe Parnaby,233.246.7.153,1Q41B3Siw1YRcvA5cG2ae3crzqQSMipc8K,0yfa2JH1Mq
Adriano Lockitt,58.105.236.234,1AQo8NgcMv9GJQCNJxuac3EhdC6pm8ispR,HmMKNWoDaG9W
Northrop Idwal Evans,100.11.149.27,1GP3raRuMGV3J4hbbkiZtnBww7xr1cAErz,MeUzLz22
Rouvin Jumel,37.74.204.174,1Hs84GzWUxh5AhsuFtgK5R5SzadG157Umj,l1AlPCxB
Ailis Fintoph,125.223.119.34,1N7PpfGsbzyntMGH7NKZhwoVEXz88eiQPW,jvVu63n
Reeva Collymore,4.85.240.242,183eEiL9vzw4RP2tf2ZpEBdZ5CdTBDrgdS,XgnSQata4N
Elianore Newton,138.230.191.189,1APq5abmCF782bNp7v1B91ZXjroLX389GN,5JurkYxMhD
Der Stavers,24.5.149.65,13hXXUQtEjhoLiEfxhsEdCVa7C21cTfmqb,UXtQH5h6Yh4C
Adena Trytsman,128.70.26.233,1LmD6FcgxsxtWZTES3hhvn5ew7eL1AX3u1,zuUNL5yaoRRV
Terese Ashwood,249.22.225.199,153isH7FvzTe1PUw1GvHf1piK72yQ8118W,lgLx4vumEevQ
Fletch Cains,98.15.103.98,1MCr11ATpsSdKib1hbeADpYDDghSaNnApj,tA9gRPelg
Jody Sargerson,204.213.138.164,1PaSdgaQUTFAHxD3RzBLnCGmfiYJKJS6id,j0LjuJ4DJL
Ilyse Pyser,95.148.102.137,1LsHuML47dx3ZJnGvgvaqJztyvJY5Xrnh4,piS7TWdgDbDu
Devina Topling,3.24.243.51,1BEGE9Ps8nd2C7JbUoTy1ZEUpVq2aQiC5d,wsLwge
Richie Worden,91.27.41.95,1HHTf9mqqKenjFVKuKHTTncLyCi6vY1ddt,BTGKQx
Casar Dyball,80.95.48.31,12FpUrtUzoduovyiLLVb4iWUehpQKzafgD,aknKyvb4
Jolynn Baitson,246.156.206.253,144EQbG4yPEHqbHWf6VCktpq2wxENHWRLp,7GzJC9WbP
Vallie Cazin,87.30.147.83,12zTEqAC1EG9T7rcHQDsKoNwLY5f3dgb3d,YwMY0v
Mal Trayling,153.108.158.133,1Ge2xL3A7iLYKsFqoMLd86d3JZfm6mj6qU,l8bfnQ7fz68e
Baxie Raitt,224.74.194.172,136wNwhQnTrBtndvXwzsX8SFhPbVQG92ca,Fn9zBE
Corrie Kenson,74.77.170.22,1GHySAddmy6nHi1KxvhbiCAuujg6YrTufG,73yd6mXIe7
Tana Vise,245.5.156.17,1QK7PKar2VeqWHRqhMK6EPJK394WuGVg2u,sMZcarVzPs
Tonie Scarffe,143.109.4.83,17Pno1vrhyYVKb5CFsfPVcqsV6Rr6dCWSz,vsExnELw6eC
Bealle Pawson,192.203.241.222,1FBEUFST4BfiVtjiCjzRHbp6iuquZ7cSde,MbbgF8i8jckx
Dave Greatrex,25.34.158.61,1Jkk4dDfXnTgfn85MPVTGE5bYm3xaouWbx,yQUv23
Lorna O'Corrane,212.107.186.229,1KxsKaaDe2g44EvbMehyF1R7iyL5MKmfvF,DBxvaD7s0yC
Sebastien O'Deegan,53.35.61.226,1M4sgTN1W3MgSz1hW2hVoCVic9kkYtfaBc,npR2poqQJS
Abeu Sarge,162.152.57.60,1JocJc3aYqey3b6ovcnhC4NaJFUeMtS81H,l8heFTdLJXtG
Menard Ffrench,98.109.240.247,1LvRpxCcLVvEwoR1EGgqfoRdKKhmvddehq,Wi0KPi
Kurt Dennant,53.98.189.152,142ynrPN1ULZa9t23A5QSG4j4RWRUUFq7v,oVy9pb9fn4
Vic Alberti,129.47.47.1,16rs7G3zowPdkpWyhDfjpbUagHcU85ijbD,CF8Cb1Q77Kur
Abram Peltzer,204.173.212.41,1AzdiWq9SUbL3hpXUdcejw76ykGnPHngAG,v8Egcdi
Hirsch Davydkov,177.216.42.113,1LfJZW6yLrY2mPaTqbCkYWkxmbpAq5VDYA,A3srQ62SpKx9
Martino Bouller,198.208.94.112,16ubN9XHcg7Wuqjg4fmbBGXVpjUEWPQMez,5F0fISRlka2
Brynn Itzhaiek,234.196.101.78,1Hok9vasqvzS5D1qwC3jtRMbupfgHkJgBU,TPVZtyw
Connie Selliman,249.195.91.124,1FzaNoBX4S5HfzMuPAaEPFwQ589WvyxcDf,UWoKqYew
Warden Leer,216.61.174.188,131KNMBkjy4qKxu63vuHgPVNXYfnAeYJsy,va94b5
Earvin Janacek,48.177.40.89,1MjnLdDfGWN2FwF7gqQ1CTEiGb6KRtJrW,kfS7X0UxlJ8V
Terry Cudby,178.233.19.188,14AsbS2zafr6D4iRTyE9QCTAF1fvzNAGoA,HDbr0R13E
Ardella Pipes,202.36.242.192,1Bt553dkMs4zbtyo5ypE2gSTaKTeo2LfFn,SeBhcHcf0yU
Connor Rawling,143.154.229.21,1KRYiKMKUd26iC95E9FhMtSRGSUQ6RwAJj,ru4XOsFV7b
Lethia Maplethorp,89.223.168.127,1iMUtLm4tp7vBDxGfoYypv8fSjvFUivSM,CCnLPkn
Umberto Bruins,39.96.39.54,1MKRkyevbFpSHMS4rWMGVmNhJ1vGU8WSSV,0Ii7aHmhS
Emiline Rafter,183.239.115.80,1NGtCzguSRtCHyhvAHBgNpPLUaBCkGg2CS,X2HN18ZHE2p
Miguel Coulthard,42.147.216.230,1JukaUUKQEVvrFSrxjatq8zPpJnFQonWvo,7xhmtyEsJPXR
Toby Ainley,218.47.110.255,162H4ZaWtowTTQg6yTHaYj3CJ8uii2Rsni,Kp3mwyU
Freedman Swanborrow,2.214.36.151,12sP4McfcRA4FYyRrdHQhso63ECZ3SMxCk,TeN7Jb
Arly Naldrett,6.121.10.241,18bSWeFkooCLhU7VwJXgPFK8RrWv18Jryo,e5Pq5Kzhe5VA
Cosetta Pasley,61.185.224.140,16zSuA8B8CMJwMUPJ8Ds2C26ob5iUy7oZf,LKM4rO
Aubine Ferry,67.216.221.124,1CfR2vbV31WAE3mFJuKkGX7nVnS5tAqJvm,ObmIQK9hcvH3
Jsandye Alejo,1.25.216.28,1QFfuC8UWmKZhvDt8oKkeibbNFWBbi33EY,WYzPMgwgBfkF
Adelina Alyutin,122.12.185.210,1AJmVsBwaEJ2DeFpWDLc9B4rdvqJf77h8h,TpU1R2awb
Karalee Tenwick,206.89.125.45,1GCDkn2CYMJpHy9mVco4BYRynsE3iz6fmK,zDsOROO8wrqW
Nerty Parris,200.42.251.183,16GGH5CgBY9uZ6bzdzU6RykBYCngdbzD9R,pfVKR3Yiwi
Kristin Douche,71.146.101.47,1HRjpT2ABdqLqrFXcP3UyUWTb6H72iDRTK,9KgIObl
Hedy Warhurst,251.186.18.68,1CR6WDhATnRpgWpvrFZYCnYEQE8iwfHZqx,Tg7W3GYd2jB
Ira Cauderlie,231.99.154.82,18oM2ugbwWYZqwgRntanCRVW47wadf8E1R,dkfvhjsqhr
Skyler Yacob,246.77.94.208,1MvF7VnNbVzYvByspgbdp374KPXGh2chWL,xUahSTqrwe0z
Aguste Debill,73.71.174.28,1AMAi72FQsdz7TPTsJLTUdHmieiXT8MkRS,uOElaDE
Dannye Weber,94.243.177.45,1EaG3HTbSjDTogBCfsoaTmWKs9TAmmBGuT,N4OOKhg
Lucita Cottis,110.0.242.92,199t49WsXHyb5mSAoLwQnedoNpsa4jUrMp,IF1ZL2
Augustine Elliss,157.75.165.103,1NiFxWcLAtFp6XEjX5kGMXBkmv9t6L6S56,eMgkEQB
Natale Anton,59.151.120.242,1GzxD9ocjoDDcvpdiHK3LNKWC4eh4hTrjr,x8D7vMV5c
Jamal Kopf,174.240.100.239,1Q9kfPBeVnAHEkEvK2e2mCQjsuHHdxtMaq,65YHIMWoWC2Z
Chicky Paulisch,92.247.95.19,1L6rRdAvjFajsfJutv6bFF29KxgXcm9MXb,ka13Fju
Asa Aleksandrev,155.95.249.104,18EcRedaMPU8JGzJkeLPUCJh79fzFDmoNV,HOhplGVc
Sam Goreisr,56.57.204.208,1Fpis9vZwYqb1BrBStrW2XX93QHsJ4ezWi,Ob6JQmP3fcn
Jorgan Waplington,182.61.185.51,1kz62t4R7eJy4SP4vBwAUqMDXA2LuVpky,iaPig06
Marianna Jakubovits,209.148.5.58,1KXUY5y2LqKiDe7PJgkDujDUXgtP5geMU1,2fOx7sCSxm
Gare Hammerstone,28.241.245.247,16KfBxuYw4L4ch16m3UJYJHwaBDstGR4Uz,Imx2tM
Gardiner Rickeard,2.64.92.90,15WKC8BB1dKvMC15tJGmHs1Nv8DGwQmNqJ,0HczjSLi
Rois Gingold,214.124.176.121,1CZLBRiFttP8p5ZS3s2ayNGY4aPtD3B2vT,ZozWLHomxBJs
Geoffry Winkett,200.143.60.247,14ib618k6aDc9BD3gKXgJLB3Lz87KA7sX3,AYuleekgT
Stesha Ulyet,155.166.5.182,142bQS9smP1CZv2Wt3JMmPGNseWK5viFif,qDeDzv5y
Shawn Peacock,45.19.47.31,1AoP5vgkZDqZTJWe7gjfLknPaTgkBD9mAr,3qZZaV
Amie Foucher,30.165.56.253,1B58mxyRCm6mUSw1pLxkCN8sUUGs4gLgCt,JH8gO3
Ardine Coode,234.13.32.124,1KGjLpXRuZXANsRP6h9hQg98owgW3YzmSn,9IoDcqX
Kinny Hakking,244.79.50.171,1HGTWm9NT5xLDTTdsmZXPGeRXZ5RSk2hbp,lTeWevTfR5m
Suzi Chesher,45.93.252.106,1Hr9ybz9nSzqWVwuo4KbHQjaLRUbtpYFL2,nbSYbM
Burl Keeltagh,126.133.163.223,1QHQJJ871AJURmGvPLyrCno9hP2irvv3mh,zDrW6niH
Bliss Linggood,240.65.199.66,1Avc9jjfn3xnF9n7McZsUW23odkujgdUV3,8oeSy6M
Hynda MacFaell,199.59.190.218,18nP6vab7wsfwwBGrd3uyPSrLRzgqWBxHs,Yb3yWfv3Qcx
Dan Paolacci,173.208.119.234,17HanqvexKriQzULf2PR3dZh89HNKjkXcS,6sM6B2XP6da
Jule Kinze,88.212.185.254,1D5oeRMSM5EAn4vs6RLKqwnjZcaXrrxwTB,mwCGXm8
Elsbeth Peyzer,122.93.134.12,13ssMAiiaesYAtunxM1cefgjyonNXj9SLH,0WS9s8jRzXUc
Jacintha Mocher,59.97.63.79,1D3gJfME4mwWkXAAuZPAGVkQVhjPvcqNog,59K9RPZWiI5
Roslyn Davidof,90.216.155.200,1CViA1bjxnS11Fa5wtXzK2e16AvnUjJrtz,c3jRJEoKI2L
Wylma Kennelly,148.143.158.67,1BFaKwEhXiGCHmvDsBhsmh3UiQmCDVkJso,kGuDwIc
Amabelle Vaun,105.10.18.169,18phmuoFtMkVTNCkeg7TZmZA5GarRUK1Kn,DJAoRg7pB
Libbie Garford,26.175.177.74,18wsAWDZ8orKPwgUaukJYLNPjTppWNib2e,FJ0WxV7H8ng
Antonino Evered,162.202.138.76,1Phetut79ZNTtB2EPqokjqhEnj3iiopBEz,2MLjsEx3lH
Vin Alpine,228.193.230.142,1UShwJ7dvZj9CnFtMp5pDtzCsVqk8Z9sr,mQHA2vdR2g
Garrick Reeds,147.31.230.217,12u8oBfTSwg2jVuHYenBtJT2FwbBbe4Uyc,2hfzeJ8jb
Kurtis Castanaga,137.48.248.149,1KAiJtn2ZzqKRtAjLNsMZBugRQmJqQGetZ,IqGtULuFb
Jerrold Jasper,162.29.119.139,1GdMAcmxPrJMBx7RYzJckWtPUmrUWgfm6U,bGUfFRmOpkcK
Benni Ewan,32.122.17.222,1bJWgRcuvYvfJt8QPUf71DjzTg5P4XPgD,rwDpawHA
Ailyn Cardoe,223.193.242.241,1G5zWUeFev1FcfK9NCYAbub1s7aALFzc5G,wvZ5ImpSw
Rosella Stebbin,253.225.174.144,16kVqH1ZmrfJ2kW8L7Lw3SqUTMcpvrEPbB,qDYVT7eYyAUg
Esther Guy,194.34.221.124,1Mm6wHnx4ehZCseL7LSXZB6poZZRTcatjy,lE78jjhPU4
Rodge Badman,188.79.128.137,1LPhhy6rKy2E2d9T8sPk9nUqt7biTreoJZ,lLZY1UCHx5
Bettine Draco,136.38.58.247,14MZihvKmvNnv8AiY4iTqkWjhY9KA6RsCc,pLixwi6
Bren Scoon,148.23.15.218,1GizAzvk3UFPVtd4pRwVb6tR61EztvHQyk,5evQ2Bg76
Hayley Goodlake,82.150.126.215,1E38465VmbpFqEvkSHxBZX9DNZyg55VgRd,q1AtEmRzRVOe
Sammy Birts,122.39.38.255,186YybiEAeMqe6D3EmBdQQ5wDDsV6u24qR,zBxDuWXI
Nadean Budget,148.47.80.180,1HSmUFv7htbFKG81SkwdoYB1hGtuuvhUTC,Auy7PtFXv
Wilden Iacovucci,151.29.131.57,1DFAWswT9jSuSmaXZU2iP36SGMXTUffuX6,c0hmr9EWAyH
Bessy Hachard,11.105.197.199,14q3as761B53Ej6BtBPuExh2jBNJTiP2Fu,Ey1OmHRBbYim
Onida Halley,159.132.133.216,19cF1h9wUQXeW6DACNxjDiwTWaY4KF8ytT,JhFy3j1
Jeanie Brayne,193.249.133.165,19tnNoynL6X7T2eJA7RZPcKzseF8SBqc5U,bFT0y5aiX74
Paddie Beade,222.107.120.106,1L6bP7LPXLwMbzpKnDEaTbqq7W5Byuz387,20BeQzN
Kirbee Creavan,198.254.41.152,18bMYritYBm7B3jCxYifa2GdRj2A5HsyLL,znLdg5KnVQ
Harlene Ziemecki,60.133.113.182,19jTfkkZMVxKEmbZ1W5i1rv9SPLv4kAmsq,8mmLayrwND
Arlena McClinton,212.204.41.89,125rygcSC36hiEFJix1QwTJsg4K1FaStZC,6kDPMWMIr8tr
Hercule Reburn,186.244.188.199,12L9hXg9wJMZDv7mTZxJwvtfk5zNVpgmmm,kYhtyz0ZiDjB
Giulia Bees,198.46.110.46,16wHmSDbEFqqDjvQ1Q2k44bw6LevPudxiQ,M1B18r4
Astrid Marran,221.113.49.152,1BzvAL2R4VdPujMW2oXR3P4Sysbpa9Lo1N,Oq60sm
Julie Ethelston,51.83.44.141,1CUsaaMRVfFBiV63wUseqHEumkoWLrtF83,hjVbJfPJXN3t
Welbie Marchington,251.100.74.54,1Hyw1e12vaK1RNi1CbNL4SPjHfithUpLDs,t1OHFhGS
Udell Ruprich,20.105.202.237,14QsGdgmvQa4yJN9xe1Db29is9bYfK3vJs,X4CnSkw
Heda Eccersley,33.180.88.78,1EgkSwf6jLwuxJ1DFG7t1TujCB4osQ9J58,H3RJcbf
Elisa Heinzel,32.157.7.195,16JNPmmHYxcmmbyndsQdrjXaLVDiWCek5R,YpM703hXY
Merlina Rosenfelt,215.214.39.110,16VLn8eRR8EAbp7EwtqpCGQBeeXGoHS3gq,IAPK1U
Karel Rudsdale,24.154.138.220,1EDArhqPKcPSBxPRGdc33K2ydKRuoUpHdj,55fPO5L
Currie D'Avaux,217.192.146.149,1Co1M1VAeyUPHkvRV3x8NReSjWZnZezmeU,He8lglb6s
Eliza Newbatt,187.140.160.82,1LuKSMAkdbeDbrwsxmkKRCQuF46mzuMtRZ,M0UUrwninOP4
Katherine Toseland,95.142.81.19,14Xi8fBQY8VATNVkSuWHDEXwhuzFi1wxvJ,Rgt858TiP1JK
Rochell Semeniuk,96.10.82.80,12rC1kaMrSd1vUdXWJHzu92mj6AJ52G5jH,9bkbOPFo0
Lucian Haggie,166.225.235.10,1AUhQfxrh1gKHr9qngTdTUdRAkfMhf7vxT,ssVNK9yUUx3N
Dannie Habishaw,61.32.103.55,17uSyzekjW9Hk6Vrj9FX2nZTdT2MHtTNRo,5fzKfMEfh91P
Lu Bernardoux,174.25.25.123,1DCdv72bWDtA22rPEY1Sa8rxhLZckT8ddN,2AEUhOYI0c8
Stephen Loy,159.203.10.98,1HkNJyGbzGoUhDKFeBME7UfhTtHxkpqQ1L,UxEhhMVT
Jerrilee Ferie,167.211.170.109,1Az2aEoyBrC1MhDb67cfJuQbUFK3fgvbC5,N9pOeTF0ys
Pieter Hanny,73.196.182.52,1KqXSGFUMky8Zh6QnMvYj7Qo9ewmeLZt2d,XGnl3G
Sunny Korneluk,6.30.54.193,1AEsXjWV85G4QNnL594m1usvCiB2EzN787,Zw0LhORTc
Heath Gaize,29.239.130.110,1BtTJnbnutuZpuEBx3onZPQgKYduAMUEY2,YfPQwINm4aGb
Joleen Shury,84.207.142.65,1LhD3YYDJf1UDrJHWsCowashWPzy2rz3Wq,oIx9Lp3oubRk
Damaris Alvarado,30.95.131.136,15cpikbppgSMFq2385jK4uZ3tfjdqassCJ,RlTd8uBisDf
Noach Bartczak,192.145.119.243,13REoVCyFwk8bSiiUCaxqq8UsfPfJqUd85,VY8AEvKpr
Anne Bice,190.26.119.99,1MEvkvKfoin9uZbdgaRNHB4qUME9NPgebR,kg6im3J9Z9QL
Martha Onn,191.255.62.213,1NRZ8KRbJZaM9B6uk5kENq7hRvELtXXjv2,y7tQMKwoSi
Nicolas de la Tremoille,54.142.26.62,1PtmDCktYccTaKvDGhQZ1bgh9PxfRgK6kg,PiTshQbrx
Bellanca Weld,226.102.69.111,17viHu9XGP7uk9JXQ96sKZ8ES9FddCAoPg,AinLitZz6
Erastus Cressey,47.93.170.215,1CD731AMPTbdTZqvY9azRCa6CaNsemYo86,C0YYc5py
Melodie Worsell,206.117.252.189,15JsifHYBJjAnvskA2ETAJ5DtKbErq5uLE,VNfEpYG
Bobbette Cardenas,60.238.213.13,16a5mTWT6aJbWoCCBCh1z1AFWGHGeakeY4,iNYvExn
Deina Tinsey,204.188.198.226,1He32EySGAfyRy86HcyUHnrF2Bk8Gczqmb,lttiic3
Marybelle Jiggens,199.143.149.76,1Ne2NEfAJ8jPBQ4Wt9i9g4epLSr3nnfFau,yWdwaHN
Murdock Ventris,164.215.138.254,1BrsdKL4cnVaaSdNxwBi5hHWVPsotRFg3J,OZLd8hlZsK
Nickey Enterlein,199.133.36.159,1t1cxKY29JTTie9M95LctbXDBsmViGkPw,sLJ9OuYrNK
Coriss Collimore,160.105.67.222,1MhAaMmwNhk1knxihvwhRLNgeHw554hQyW,iOlg69CNY
Elyssa Ilchenko,118.61.254.71,1JFjoXCbkyRVrysZjdpD5N9YYoEZMtNEzC,OyEuC6FoCB
Enid Bottell,74.73.252.146,1L9YdeoJiKpUx7pSPLj1ZQVJrdJgcSESBq,BoJ48JbkL0I
Ange Abbett,224.50.105.19,1Pxkdv8VjWgF4xU4JStSJ8YFXXdbB2gSPZ,my37jnWr3
Brooke O'Doogan,186.138.232.187,1LaWBCa8iWrjfUFCTkYF8zksa8xRT9DZYJ,2x80GLebfEE8
Richmond Handscomb,108.245.242.11,1DJBW4t84mvo6iLjkD2RyUk8uAtzJFYu3t,y8t4zwudC
Ive Deason,75.246.171.82,1M1eUYwuA5nCoMEg1n3uE2Gx5TuwCEygfw,9cOqZzuQIZOL
Bernetta Doddridge,156.221.176.133,17j9WW8iWSM1cuhdAPkZzQejxjwsgHut7t,cV0fyAuXM
Kirbee Ralston,161.171.210.2,1DA42jQ57WEDdQ7PN6RbxBaacBZ2QGDohX,lxBQoQy5yG
Yasmin Mendoza,164.167.83.9,1H4jpwotsz8xpgfhf1Uj84caQUEi9sKbBj,7cdMhyMi1ouj
Olivette Chitter,2.205.236.212,17a8JJJ7dsVe3vrS8iDf7oHmQuHor5J4N1,Bztx0QNFK4JX
Henri Wort,239.216.181.22,1B8T7Bk1BvFNWJfPzoTdGe1FXtFj3JXtVX,Lxn9BBf
Naoma Skottle,83.238.224.162,13AV2KeBcgh6vmJ6JwNFYMi6s6s8kNXNiQ,i0WFvq
Amos McGuff,212.216.192.161,1G629wn5eK8rxFCZpFCbSasrTfjxPTHFes,IjSI1L
Glynnis O'Donoghue,54.98.50.94,132AaZQzd6GidnMr4UVEXnKHcnGdM168Vf,JxL9lv9
Derby Chat,120.23.160.166,1HqACXLpeiJJXhA94nv3tDeawLDARaxrYW,DtQkHl
Ferrell Gibbin,99.119.41.198,17LLKkhyWA2HwWXziPgF8NBo3A19RAVDgt,qNC2Ej4N
Ferris Bennallck,28.92.121.76,1Q7XyViZMkSsmQaFbPzpCg3Ytkp7veezQY,EmYlqewroeBg
Rodolphe English,119.83.76.254,13bDXbcDsxusF9e1Ae7hCX4Dh4m7Ka9pvv,j7o3e7
Mellisa Hatz,134.177.145.177,1CDJVBjtgnGQFL6YEuaty3hX6wW33b9X7B,eEG6oyHd
Gerrilee Thomassin,12.215.11.153,16a124LVAmM2pdqfJ25SV1DqztndxX4Sre,WOzhZj
Jena De Bruin,58.80.12.195,14e7DmXmSyLxANddwi7TofZnabyc81Zqx5,rGsBsE
Yettie Terren,21.16.58.114,1DkiJfRpAtgf1fWpHuvWPW4wUd7bZorE2d,hj4huzXE7neu
Lenna Penswick,78.75.246.37,18ySNzV3qjTYPPx7gFFLRnf6PzTMgkJR5F,5BTJmgwBauc
Liane Bysh,83.135.80.237,1BQkSAYNWE7V7dE7nWNadbqkZPBLMrgzuN,USNKq23KvO1
Ashli Eadington,234.223.198.237,1G3dztTBqGuAzVk8awQE8bT7JGiyFvpk3q,G0MFRpyrvWMW
Kerianne Cirlos,232.6.132.182,1P2tkFqC4nGMTbvuS528A2REkDu5h3TMn7,5Dxk7a8dh1
Corney Lugden,47.63.143.19,1PBNWUvzrQ3amJDTwxDwqTBSBVm3BfU9Wz,0YNaPaKrqw
Rossie Blitz,39.62.71.169,1JQkiyLU8D5vuW5VhfpdupQMrr7RccmmGb,dRolNp
Carma Durdy,38.198.0.47,1HefrLKgMvyE3BsWitm7fmFNymeWJ1ZuU5,Z4woYbOBMQN
Else Biever,147.251.132.219,16DaQxoW5d7gdeDfV5PZ7prd2gUDc9P1ec,7SoLr8Z2fP2f
Waylon Forlonge,243.60.206.121,1AesRARveSzQEE3zeaKZvWLpwzAx63sZwJ,xnS0V3M2
Martina Ferandez,49.60.141.74,1KUwA3ERKAgGqnJF9jJNLVqTyHoYFyqDw8,kopPdZQuiBto
Vonny Mattingson,145.52.11.198,1rchVH6XtrWQCxuozd4c53MsYw9NK4nix,cGR4FdUB7aH
Jeffry Scammell,116.159.149.249,1AT7UZEMJwPQCRjrZoQNsRF9cLiqbvkkBi,U9h7K6NNJJ
Ronica Whitesel,117.191.230.187,12STmZ9jHo5wZDue1g1fED9Jysz58PfAC8,kGdo79KoxKh
Sayre Willison,94.28.138.215,1KxskjnF4Ff1WnFdYu8WfktFgkNSjarFp6,JDRFr9
Giraud Delafont,251.139.251.17,1CUpRoq8XwJ7HFK9qBj1tu9AvuUhb3BBPd,vXA3xX
Tammara Di Maggio,183.40.244.190,1DkMYjuVv3p6gKrKpi8pK7aiAzbXg6fsuK,P4og4RuRI
Thornton Rathmell,206.161.95.33,1EsBMjVxTV8PrAEVREPs8pEu9BgF6geSPn,mxzXhlahiw
Korella Allchorne,106.119.195.91,19KGDq8chuaRD99jyJEtVBiBtMFNGzoShU,DWuVc4YkYdLm
Meyer Addeycott,244.245.203.150,1HwCawzq4AsCNPAhootgtohvowksENTGdn,VBao7cDYv
Kathi Shillom,219.226.220.140,1D5uos81BPTVsqHrXQveJSmjjyzuGA2KiY,xVCI4SS
Kathi Blaydes,58.9.147.83,1AqDAFivBfGXDszHRf3dYbNJ1B1aMqfi95,imDqNYtRupM0
Lucas Pegden,2.228.154.21,1NMXNCuMTHiMR6cmLpGFwiaGmBxYQbNcEd,7bCTr2tfb
Emlyn Mallabon,44.53.127.40,12M5EbP5yp7WQs7jChR9dvwoLjoqcdDgkw,11gw1LnfUcVb
Allegra Potts,5.87.99.39,1JHL8D29EqS29f9RL8jE4mQhGQgtqUAs4b,XHhPqkrEmc
Bev Buttle,159.61.33.33,1F5vBoQiu8MrEQjN7m5pxJichfdt5ZYeUR,WJZerZ9aA
Sharron Connal,22.115.147.206,1HpWRH9PVECbe25GgPcKyziyQMKm3Xgj8B,iuJv4ruURfC
Phylis Lidgely,12.40.139.118,1AibddEGxeft9EwfahGC6MH5PrTDK8YsbB,UyUd7FY
Judie Cassella,33.206.169.31,1F7aquKydG9j7BaJDTaGmrook7qHGgPD9J,a6OB6iAICq6k
Sheelagh Brooks,1.207.137.249,1E3QJMvMK9uiCdtes9hwCqhbd2aRCG2PuG,CtQLsvM9Cf
Walton Greest,189.50.187.128,1PQJTDEFnJ431uGXcdmZza9SyxZTZfW2Z1,ss50el3Ze8
Bastian Bradick,176.82.212.83,17cfhsixkEUHSEfzbeQsSgvwTNGkeXomJM,vms6RFCHfVG
Benny Meekin,209.2.112.253,1P59LkYooaZqkj9G544P59WgyAq3im6tNU,R87JDT9htB
Millisent Bortolutti,230.251.193.18,1PuBNL6AfAkMao4DRemPbiQC7jG5qdENUi,TtdgdV4Fs
Hollis Chown,172.62.108.229,1GFDXufqGguSrnYkU6zSrQ8Xw32UvTH2co,C25NPT5e
Adina Malkinson,140.236.147.140,14DBRzKjPy9rrKjt1YoFRdHHsqRTos2nM4,g6ENvpX
Francklin Cronk,146.100.1.122,1Kv7ZRQSQcNJZDRzRfcidp92DchD8Ldjrq,oJ4UEWk6kQ
Kerry Fozzard,240.61.113.251,1HoYYSGRVphWHGWPwHg4PwS6EknqikyGHU,rhuCwh
Penn Jahan,113.185.90.106,1DZhF3Bzb2imLPrqVEXVQxiFjjGEyBYuqQ,iqFoCG7LsUqy
Torry Laingmaid,114.133.238.219,1Peg6HvuJKzUsrXsKp8z5vFx5ZdviNjp3a,Uoonqej6Xn
Wait Bollis,208.246.169.70,1MHHXVHYzvQa3hzEjF5cPPFMwzYYBhpqja,Kqd392V37
Tildie Rawkesby,205.179.171.95,1F1rHLVoeLJsVXumTHUbJdCbFageCfyeMf,bVRMUtT
Kalil Thyer,241.213.171.143,15ooPi5ovG34tsvPB1zBd6Mi7J4rkrNBFx,UorBx6H
Rochester Gracey,162.71.242.82,1AWCMXWWR8BcCt69pVGrYx65cH1m3dg8vQ,XBKyUEwpGLHz
Richart Gummie,242.188.151.173,15iwbpjzBWU4SDr8KjqST14Kjf8DRmgAYQ,IgtLha
Diana Elstow,142.74.141.55,17gMyjfdQP13KoSBEmciapPZZDXgZHfVvK,7efpIb8
Merlina Lorrain,75.45.90.120,1A8cGQwCjEW5iYT1GzZpMeuNmJyo4mSfeP,mQjEV2iQ4
Guinevere Birkbeck,131.239.173.110,1Ea5AE2Yb8vAqAqprKgk79tL59kKkUYnTa,lTL7mV
Amalea Mion,235.168.8.220,1QDNMnpy9WA228Zjnn34VtwiMXcf9CeDwU,8LcacNYf
Lacie Bondley,203.218.55.201,129CGdb1UUTRdXXmSzSAjZ7S6XCVPPxa8V,9f3emh
Shepherd Bigadike,0.146.27.179,1HcJCikeS733m5USvBJUMm389f5WLHZNC,oY5zR4n3tGN
Lilllie Brentnall,106.59.180.197,12GfUPNQsqt61U8eqUZjT9BhzGK6QaSGzp,nG1iv3vyD1oW
Ronny Lagden,68.255.178.222,1PPSS2PSupCuzk5JrUpEQ6Q8njk78xPcJC,ZLvN5VZpvU6H
Clarisse Clipston,34.71.240.230,1DD7Pr2Xpw1fHRN9rVhvGvGFx171Wf7DBS,UIOmBe
Bryna Schott,241.49.107.106,1BrhEnHytgws5EbF3GPQ8JwHm3aNEur4ch,qXuoNnu
Stacey Rutty,135.241.83.101,16Js1m9ScQfgdNPND2rxoBWxfppSNC2Egf,fZ0KZgM94
Quinton Hayes,176.15.225.107,1DgmkvaRQyFQDzBBVwfM5p3GrUKaDpRQ38,bx4gSZme9G
Kayle People,49.117.65.84,16M73t9Dcem9ibZVpBjDwo9nwHCse3xdi2,kfO8V25jDLWo
Phebe Elks,24.228.80.68,18Jd5oh81o4b6uFUrZNFGcbVpBD1KfvDCM,5mYv5qPDWS
Scot Bartolomivis,211.59.216.122,14qZsC5ChTQfoEnTjrGqgzZdfS3hMSVa2H,IAy3ArzaGx
Leisha Laurand,86.182.90.240,17NhHTRbW9pHPnEzBfEMCyJ8WKQmtXwnez,pMCwpcX
Auguste Routley,131.74.24.145,1M9VkSCQbNNozaJErz7jjy5yxc2FoGDUSh,enaYyHrwKwYs
Gunther Cundict,49.188.68.85,17u4UBa6fgYbYcnu5bV7Cd1LJuY5RHtm1z,nmkQ07pjiNtd
Mallissa Iacovozzo,110.142.151.151,1Criba4qBSZzZzCC8EGtH6YtmJbiFgc3rb,2x3xBTl
Mohandis Verbruggen,126.204.194.127,12AgC3WwfW94ejckcPKDV7tQtkGg5xPYYP,hXJ5lBtmPGnl
Maribel Carnalan,197.212.25.213,1FrTgFU5wmoGeuUDsatF74FQjQsyPQFWzj,psorSriBDLtw
Kariotta Comport,207.239.19.204,18cXDaiCzGZPhqhrBqR3FBX9Ciu2nQ7pKp,LMurTvm9hHUa
Jourdain Funnell,74.46.147.211,1KPDnACFkcuHZQ7azDBL1kcMMN3QgbfXDy,YlVW48c
Yorker Cornbell,181.170.3.132,1AkGWXqyVxKUWpqfox9moh3iftng321Cv3,Q0atshqM
Helge Brabyn,200.5.61.123,1Lv3QSmc4rcodN4LH1awXNwBdmUPyLqAoD,B2TVLwXqqK5
Meyer Dunley,77.192.218.136,1GMLxZVrVtJ2cyw1RM4bfREcf1xZq8kM3x,9JdmqX
Fallon Glisane,69.211.157.182,1BDZhd23By9WGNUGdim5FrFvgJZKHFMm3K,a1ykL1yAufg
Derk MacLaverty,123.181.119.69,16Bdkm5NjJ52HdrLkToBm3UxKs3hHn4zun,QobcBrq4TNU
Grady Pietri,123.219.41.245,1L7HLXnJEfb73wccvwHEuuoiSqF4vZwaWP,cXddzgXz
Michele Bettles,200.57.62.220,1JnYcsQqV9e9BSf6R97KzVxoge29JAaxn1,zY9kvecL9Yp
Jeralee Frane,168.235.98.204,1CDdYvjoTh6kbESDSTHwBjgrqXmwaXnygk,Vbw1WJU
Orbadiah Tackes,253.173.36.43,1FVm8kVQVgjwBV63i886i4TimsGb9bx78N,NlqMoHy2CMps
Fair Kassman,34.16.60.19,1KLy2ci7X5icBo7QUxsmJai95RnZ9uDLaY,NTmRvV0C5U
Myrwyn Mullis,107.236.151.252,14XoQ2Gy3Z47QmbrirF4h87nKhEu6n7jkV,P9Zb3ScUYd
Teressa Blaydes,249.55.158.143,1Q8aqAzjnaCPC6iRq6WaQEAFnBugcw9mj4,jhbSDuElpM8
Jerrilyn Berisford,225.127.149.124,1E8GFhxDQCNHaNGsLxpMKYG5tDyVTsAG9S,U6IwQ7
Frayda Wyson,97.218.170.93,14b6Uo9grn7Ld26s5xjFvBZg2MfDx38gYt,Dfy3SLmy
Maxine Mullaly,189.31.56.93,14dH54Sj1pVJB2BbnPt9uEaokKDQ4bne4s,yrJYvJirkFz
Tova Flye,100.192.188.167,1CdRicf23ZmRs8Sj4r5XhpmmDtgibHkyfC,0OFUr9ctEg
Cathrine Schwandermann,145.31.234.35,17vy9kx4nXE9K9X2UaCrFb3bAVK19owip3,sF0x2cnT
Phebe Swindle,208.183.153.178,1Gdn4r5AYynb8c4AsozbJAwkMnMi8fYD3n,kltY5FAmyVRT
Lynnelle Hansen,246.173.234.4,1L1UjCaLF4YrVwBzDSnfu584gCbjGsFVCN,YOaBvEs
Norina Owenson,221.71.160.180,1Poo9JRfucBoJPe6hAFYYkgKryc4kfEECY,rcv8srKdo
Kimberlyn Trude,13.168.53.82,1NwVBPXKWGUBBzaRSEgTccPShrAkAAAu2z,0xrqTo0MgK
Mata Feaveryear,10.161.61.37,1MZ7By8XkDXQy13n3cWWZe6m49WvXJ6uwE,NZSwQ3
Andee Laxton,100.31.37.139,1BqFxNtCUaWuFdnwXJAnrkfjqH3EGFcvDK,zTKgWPG
Caroline Lavrick,170.70.123.219,1NP2HDK7LQBtoLCQF2vVC32oRkQGu49mqx,L4yws5svoA
Shirlee Greenin,235.180.62.206,17dPaprusBDkq7BmiBJcvSy6WvSMSPySXg,ewK4IyJAob
Dacia Gergely,248.115.181.32,1N21gMbQtN3hqvmWHTTDbaxJ3s7PuFjza3,XcDxn7liG
Welbie Gannicott,230.161.182.50,1MVebR3froysfPYGS1AiPEro1Fttq2646Z,RN0ROpm7VF
Riccardo Wybern,58.140.104.200,1JPH4DgT2B8W2ahiLPDHyR2bXbC8dBHSGT,7ntKUKXSy
Jobina Henighan,44.111.15.124,15iLH7rgbh249Er7Mg9pdNUjGnE4MW5ioi,AqNdhOTg
Robinet Rudyard,8.164.159.80,1JexFTFEoV1BD6ok4jtcy7gkUVwXNdfXYv,CgAV0xV0
Betsey Townby,224.184.159.217,1KQZqtZ5h7D5c6tGmHqzdMxrZeuguHfPLh,etdEGxlHwUv
Rycca Domegan,207.9.68.156,1MzWXjp28jCXaAjKuuJ1XkQMoi6c3iyz64,ti8bwhv12i2r
Juanita Plank,127.248.252.108,1NPxW1FrJFRAbTQvTEY3grgRTPrtxQquck,wY3Tx9
Meryl Nellies,80.34.185.65,1516SywjFkuEWFCTzvAZFA6EykDbax3kfR,4eXOMBL
La verne Geldart,38.112.188.177,1fRX96MXfMefo9ghsLaXJZBb77vpVgzCZ,x7rjug7O
Orland Agostini,209.225.190.106,13f1A9HSivALEY5kbC5yFaSTqvf2XfiUkw,UK6bZgeR
Tallou Rubenchik,79.196.223.113,1B3mxzDMkWKnwJpreBXgnh99HWNPUYiS6d,B6nexY
Eldon Wixey,246.22.251.168,1Jxf31SMPzVpCnMcyxor82dKAc484efdBo,6ezQiA
Olvan Camelli,60.88.213.44,1F9e3VEg1ACCxbYX2CaHMVoCuk9vf4eMZv,hjtfB0
Elyse Voisey,94.197.165.217,1N7Hi9YNbEwFdYAnvYHH9ufdE3NPMGnvmZ,k4NSyY
Saxe Samet,122.0.135.184,1CJAqob1hBLZhhHTeKwNyHDecizB2dbeKV,mRMdqKZeMxFK
Gavra Kippen,115.197.233.126,19mbBZm33BFP4DFhWxphGM8bd6DHwQoAm7,AWoT9RK
Anallise McGrowther,146.54.169.208,1E6CuAaGmznaJgg4usb1fcZxAkFEoqhWVL,GjiLCnbO7
Roddie Lifsey,8.50.0.63,1fa5QGqyVyhHGhVAJDnAMVrz9fqT2GAqt,ynTAFmaRB
Tymon Dyball,178.85.221.63,14Q3LmMAhDFkTtC7TRLyFotTHfVcjU2LkC,NRtTv5qndS
Heriberto Ketts,86.71.62.65,1HbzimfGSDpwGc2xNJtoJpsXmZBECAKsyt,m5YD7QyYgoQl
Monro Geany,197.17.110.199,15Dbd1xofFep7bLSM2C7zHr5AMVhM4VqfM,6VaeUwOgeN
Doretta Conn,40.150.184.104,18SG6chPWiUDvpKATrY3A8zN7CaDFkoAek,gQW2R5YuvbR
Berton Oldcote,251.224.56.4,1LGu18gALqwwbyUuWAsfLorSLqezXuNkoi,sEgULjI5ZS
Normy Geggus,92.98.229.127,1Khh91Tg5ALHdKy4myv1FbszHiBwsKJB8U,0Pjh3TakSP
Finlay Blampy,94.47.201.41,17mSXh69RJvScVz4UzE4igap3QXe11hnLX,lJteDlw0zX
Winifield Newby,33.177.250.161,19ao3ZQXRGW7zwQy7uT28hZqYLWnqqeAdk,0z9tyJaN3
Irita Brugden,149.192.13.192,1591Xh6SzJYrarsqFGKMBs7oFofR2Z4HL5,U1stE9Ue
Daveen Waeland,84.227.187.104,19k2UKYZvM6becjjuzP91428HFYWpF8oyN,vaZGLWPJtjAx
Jaime Adolfson,208.17.107.20,1G7zPxkD5igP9VQdpdR9RYjMd3TWPF2ayK,FbvMh78jiZq
Skyler Cockayme,244.0.74.187,1ARqZMBdKi7AJ7VhxBQ9eQP9FCucCoSzYf,qQQHoi
Kendrick Rekes,202.99.119.177,1Uin1YtrqmTjWqraL45D97KMFP65CgQ7e,rMRMH2gIN
Maryellen Portress,99.240.163.110,14Qr5vUo32i6BV2aueTSW1LuXszjdQ4AGU,sBElglrfId0
Feodora Pender,16.67.155.54,16u1TkzSjZ2kBPTwtEgnQ1UqnLrkS8KiJB,2fGBPpe
Antonetta Kynnd,149.244.250.183,17amVdC4Ns8YC1fo41axpFUmSVJBCtb92w,pb6Pl1x
Roseline Albrook,61.150.158.35,14YN6N8CR2XhNvkULMNJA2nzVGxewVQug3,pGQwIEgyUDSe
Judas Dallosso,169.74.49.206,1Gqes6ihgF9kHn7yKLhbSjypGBiQSyrq9x,YPIOmw1A9
Inigo Lethieulier,33.242.195.12,1MtDJdMmwd6oDuD6B383aXcgCDyFc3JwYS,H4kMXGa2
Torrin Aslam,162.131.145.227,1Ji5PbUP9viWGWvmK6iTFdoiRGz2U2xPtm,Uw1KoDgt1
Free McNellis,171.249.172.19,19UZgfvdMTedzLYQBcg9XcKS354vBVUAJN,cQekgIwtIlu
Astrix Cuphus,254.135.241.186,135ea5uv6SKtcz5Z1jvLFedrhNCKUJ925s,Eo4tv5srUKM
Basia Davidek,22.3.119.111,18sCFdmk1VoroN4jo4dVk8PA92tuFbGJYL,XUhKGopt4dw
Di Bartaletti,222.121.43.87,15j4EKCVqEcVt4mXTh9jv9ENhLsrEi4yKU,ZlhSDOf
Cass Rosenstiel,92.125.49.209,1Q7YCbGksjaBWrssqj8xde1r2Z8P8JdP26,D3WB156xw6Kz
Andres Goadsby,219.34.134.104,1CbbftAQznsC1fWnQmRJqzJtXQXJL6gYDx,uwSgLckJtCk
Kirby Chellingworth,17.128.149.82,1Hb3xMQ6mAmD7yayCe3ou551s1qSoY8SVF,OG4APpMceZ3Y
Hayden Snoding,231.91.50.249,1DqmzJzFj1nZpt7vBnDqeUpNHGQVLSCSnQ,GBHYCbAyl
Emmery Osgorby,23.223.70.85,1CQKj6acDcFdVPn8SddAUKK2sYrdbRwCAN,24tp72Y83Mq
Temp Obell,85.199.39.233,1LjmWCfQ5F6qc75y2CDL4yASTWYuk2jdvS,MFYh48WeRzZf
Gardy Fairey,107.62.37.106,15w2rqCG6YSaUJ1s2fQK8zBfqhczL2y9iQ,HeBhAGBrf4y
Clemmie Pfleger,249.154.125.202,19MrUQEPUaddmDPcLmCFk19pW1o1jNy1qr,jQ3cKyFGxQkx
Kort Cristofori,173.247.255.102,19B1Ah4DDefr9rk3XjXnN1an3uZvg1AnAW,uJFAVj
Gorden Deakes,147.170.27.68,1PeSrpegr7fKKuzWReJWkNYHyenW56Nr9A,54H3z4rhv
Charlie Higgonet,65.0.238.226,1DRhPE2p7ZNghD1jUHe1PawNoemwqyE2uW,qeEfZG5Rj
Sonny Castanone,123.252.29.61,1MrVpExTv4fAFEUyB2TjLukgUUpXUwjjY4,XAbVgt
Ignace Lates,243.231.9.67,1GbhRwkniaAayagyNa4noUoNoruVpbyur3,0XR3w9sEkV1n
Briney Braybrooks,4.108.250.94,19LhyUubQJbYihksDSkSjh2T4bsxX9Lf7r,biqG32P1q
Karl Woollcott,109.115.173.51,1LhJss6jxeWMYncnHR1kqFVE18of7tbq4L,cARjNMaea595
Stearne Shillitto,48.202.186.226,18iXny2ChXjY9iDc9yAvvW3tzTEGyHV4F6,hU5mCvpCMht
Bourke Houlahan,79.45.58.71,17tLnQVCPiPVsJJF1pHVdn5XfpyoFDpwoQ,QE4c5sGVI
Ezekiel Kahane,185.237.89.204,1JuB5FrUCgC5JJL4QnDoLDE94nqBHeVm5E,gFsa4c4
Fanny Slopier,176.165.230.201,1G1fiEmnu66i5FQZ8h8u3tASZiHyxE4sno,3qGbMNW8i
Malissia Paradise,92.189.77.213,1P3BywYb5Sh2qB7M6NaK4ya4EUJUrKZWVM,a3AwdtyG
Andeee Enterle,118.234.99.11,1GPq54vWMMmQ1LkPC2ySyKxJEZvP8PPxPP,dShKD6
Nichole Bates,115.30.230.75,1L8JaQriWUziAavLKZ6PoZPVGTndH95g7r,VtLYbbFIr
Tish Jovasevic,62.129.162.214,1Avh5BFVyeQKnU3gGbBR81G5sn4t7jKuoA,NegT90t0l
Ode Wait,239.128.190.206,18c5BioxnqjM75HyRKMaVwkxf2vErVwi44,X7F8vjo
Erena Margram,231.168.91.103,1BiZ9BDVD1WncgYe54bMBYoBQixNzYUEGL,Ovv1KW
Kenon Seamarke,193.82.37.180,1CWX7yvVxjr8WYruz3PqAeuRwcfPFp7uaY,sGq39tVV
Sydney Giddins,118.66.242.250,1JtakBUrrFyrdG8c2DyZvfoKUzDPAv5Fot,Q7so6Asoy3g
Shela Millins,146.71.108.101,1MrqZEgAFD797GB2ausGTtkTuiTwp6MiCn,wuKosMe4
Olympie Beardall,155.223.45.9,1LqbkRZrezLYHfgR5DCoUvJj3KQ3RyNAFs,Hs6PkLj7rAyq
Devi Meak,104.92.159.209,1DgfhuvEXh58occUn9wTVkTPfQt1mrCMbK,UCOOcEQuFjYJ
Laverne Derisley,244.96.245.216,196zZDkFSxwAAHXhivHLiQASfKuUv6pbth,s4YAEsbiwH
Verne Wallsworth,79.188.239.179,1J4gH7PaucUbHywbhw5eR5b4JGXJPTKJLo,gZpYZYAX7Ul
Gabriela Acton,160.185.230.110,15tdtxCTDyafdECkdH8CWs2R8AfRneUjXR,zLDnvElv
Thalia Attersoll,52.155.199.254,18cCwTC9gXLrDwpxkD4MrQCGbjqjJHTJsx,lLpIhZegTgle
Isiahi Jankowski,64.32.133.5,1Dnr7Q5u4pkj2QnvtjuQ5daX3iqLNMXnTn,PivVofS9K
Eduino Ackhurst,253.133.82.58,1CP5SCqAr8nHewLZ68CQAeaT533sBmHGyx,xVYCgCU
Claudia Vize,229.190.106.63,1KomoKjRkWjidCR1q9v9JTG4AcP8zWLXRw,cBXOymvvsuxn
Amalee Jeandin,149.120.239.206,1AzeH4if7o33PryV81BB1oqYk2JFKVq3qM,hH3IaVHgrw
Jesse Beirne,105.122.240.143,1L7siNBSMZ4pn6etkMUrCDwevxFdrhLwZF,zXfXZI
Keslie Jeannenet,150.164.123.238,13wVbb12tpRFZ81wNTeTBTNcACvqZ1dVJV,B40PxuhQ
Tish Ensten,184.121.93.147,1GLxR6YWezuDvDvQxtf3DazJbJBVCw1dec,aAg5JzeMPayT
Kiley Lewzey,98.44.117.111,12MTYJM33mwR21iYik2ZDp3KZPKHXxzeEq,0cEbze1
Anderson Bedinham,66.8.94.66,12b3aAPWCVbJYtJvn6teVhfBT7vuB3hfXY,ggxc4gbv53
Sharron Larive,111.34.201.64,1KXdsxKyWs98QSY6heipFYi5dq6pxKpbv,Ux9QRjus
Doralynn Bebb,171.107.216.129,17Rd3DgWGMxThjAaGz8nJdWaLYuYkevt8x,Q4kEMX5
Murdoch Cromblehome,248.116.102.139,12sjZDydiWFEM9GdLAM71BsmmrSGhDGWGS,jp5RpWV5
Francis Edgars,9.34.167.207,1cDfkhQwA62F4eVDH4DcQERYku1HSruZL,R17SwnDsO2y
Rochella Mussen,169.88.57.137,12aSRP7AZgJhkMW29mcb8kfiqSg4cy9roA,g4xoRRXv
Donn Roby,177.16.163.235,1CUJ76Tmez1ZRBjhhgaow5deYF4xqeiJYV,BYMX34Kys
Isacco Endersby,227.19.142.11,12aVZNYsvabUuzDqNjytsDfbPR8YyAwS5i,cRGJb3m
Matti Ingleton,7.109.114.107,1LeSqCAStt3Huufsbeg7jr35MDf4ezK36N,5Dg0pDlFY8P
Ugo McMychem,9.151.14.110,1237YcvD4TFn7EDe1cGQaVZUddJ9wXVNv9,S7V7gfv
Elston Boncore,128.94.8.201,12hYHynnDRHTS9dTinh3FBCS1g5uhWSpy4,yxa7sP7N5u
Giselbert Aires,41.61.246.197,1HTgw7mVte2uqpiVrPHHfdz1hf87BGNMwR,Log6zT
Rena Lambshine,104.44.227.111,1QJx5T8Ja91mQTv9B1j75H3ZzLqpgA56ke,Jwl2mzK1fx
Al Kesby,8.86.55.203,12uaQ8ejTwB7BP893CMMBLGf1nV53bPN67,Qeo8Vtr
Demetrius Dudden,162.172.44.58,194PnpKYBT9nE8dgLHS6cTMzq4MjrHq9ZX,eB410kvNjHF
Abie Guise,57.172.122.93,15oW3N4ogP9z6ugdLPbmBih6AW7sYtBx89,FemEdH0a
Skippy Strank,35.196.64.39,1CKAs25HEvJpVVEEsiUdyBfDpvy5teojB7,vpWFvPJlH
Merilyn Fydoe,38.153.253.241,1JJaPGcoza9B2QjxmejGyGSLeVxWsQ9GjF,SDJVd0
Carce Fermer,160.127.9.29,17Yne4DS92ctrMXAGFxFq6Hjvu3ybemEdT,8N8IPdez5es
Eolande Cotherill,32.171.248.255,1ExGGuJsJWXheM2rEft2yo8FyRRTDzGU8U,TZENZKbus0M
Walther Mechell,109.80.222.188,18NbqcwACtQ3vV9su593HQMnMRELkN7Mr8,8ipZrWo0g
Tove Spellward,153.34.65.123,13FuhUWQ7C4UNtBuDzTbjjjZDjzGHsKHVp,EStAhJdQ
Dionne Muirhead,59.233.169.16,1PLVC5m2k5h2ELLa7WB7zW6reETDHM3oQD,o4OI9pZ
Denys Ivy,68.141.236.189,1BbTysXEBp9pyJQfdV4znwGUkn3yctDMfp,6GrnyxxudM
Cleon Maunders,122.249.189.142,1GGE9CNMh1sSwy7UU98ZsJTBvjedDiEDQR,erX0BHCsRjd8
Jay Quickfall,36.195.190.189,14XihpUqJBpF2Xqq5Fu1jX7CejQbfFKAVm,IhfTKZn7SqTr
Val Aleksic,32.208.57.108,1QH3vvSZMyKpqjo7T9cFR82gECmVQ1ayMs,H6C5VN4U34o
Vite Baish,46.181.9.191,12diEB1CwsHyykdYtRkgYvnFzkjS9pB6dA,AdrgDc7LEU
Crawford Bachelor,247.170.5.51,1QHhQm3PsgGT3ovPjVvyXkWpJnUQzwfzr,Zu9hJK
Aliza Gulleford,193.71.69.186,19tZuHYGw2QpUQ26QbTEn6u13RDPVSrd6B,vT8QCbXJj
Margareta MacDonald,78.156.45.75,1MeE1RP99FPHiUXapPNecHttBH1MX6aV48,OOiKHwMDSnXt
Bellina Hubane,72.46.129.252,1QGoJFFkrdSd4n31i3RM2RsCYYEGCRyPtd,E0bPi1
Ayn Posse,120.12.169.59,1NukP3t4SWVfZGcfJAyp41gNue58f2WnYR,losZHq
Pepi Cruickshank,93.236.123.169,1BGmz5whXNxAfXV2Aiu6tMtdvZ7EyV3Cf6,EGeLK0ZwYm
Sollie Rowthorn,42.139.99.81,1C5MyPGmDHuPdmjHTN3Mfoiopt7jF5xqs9,HnZ6AhhMl
Ronnie McGlaughn,164.4.140.76,1KhiiVzCKZe2NwykUb96XMxaKJBtypwbUo,KG9rWA9aw
Goddard Nare,242.208.154.197,1HrCBKy4qSZNRQDtetrF5L6yCvjGVb5NdF,JrymPku
Nettle Ashwell,174.156.190.11,1GyNxnXHGMRxn8pH6ksHawtJeWAqJVUuxQ,upS6RXPoD
Carrol Frow,186.83.228.251,1L7Tt9RrxAeUw9G2AwotvbyuyMSp2zgh97,A2SNi3V1a
Aurthur Cotillard,136.210.148.113,171F7z7D6paeA1YapMFfAQQJHAKsMao2AA,Yf3xWvhBI
Drusy Rosi,209.133.71.21,15n6DyCXgGRoqNfggK4VSwDT4MkiAt1R9S,K1tuIIVr
Jami Bolam,88.248.107.112,1EASKAvyexbyMaAGZJHkzvBRG1eyagg6uH,nO2szUkCyX
Nanice Belitz,0.164.206.221,12FsL9unPHSoRN4cBqLsuVkf8yN6zcv4N6,L3RdBaZTw
Oliviero Hedney,10.225.32.75,1K9kQDQ1gWGFfz7UZMx3D7P8zUdR952fRp,WREzrW5L
Don Boggers,176.60.35.1,1CBPMfZggRsYVVk3GZDmbzqzHx6UpHXDaA,2p2wYp5tGbhp
Ara Moran,232.241.250.36,1DE11iiY4KWb7qnxGdPr5XC9qCc37R4xyJ,UVKevmBXhA
Arri Docket,222.178.137.149,1Mg3nsR5VtcQL7gQYYhCRFHLZifBUQrz4Z,jHMBHa
Brion Jakab,248.146.129.250,1BjQtPZvR4ScKsmDgK6sMXUzqGZjviGbaK,pAOJ3D6AA
Dode Cuningham,87.112.244.216,169JQiETJCmtYg72skSs4m6xodNQwdkm2W,Sey4rI6VmQGa
Martelle Ramsbottom,69.223.119.0,1MXtkpy564Gi9xev7KXf5DVn9PQ8bKGKQb,NB1fInkO
Emmett Curdell,118.36.167.239,1NgouTX3GmgH69Q5v9gPXtFNo8oz4ZfCiK,vMWAWuojvMHp
Myrtia Mor,159.185.203.93,1HgMsfeLBUre2fa5M84Kuqa1gdVqBXAaDU,J62DrYrBM
Dulcy Walbridge,115.196.147.31,1Q1v9pPbvtckRxX3knEGDjkyHKUwGA19UU,DcVrjGL3H
Josey Fermor,55.205.136.22,13oSWZuYQBbWMUUNDosGv6GfeLjayw5Eom,n0ZCB6VQh
Haley Dabinett,33.45.195.191,1LYtKfNvzi7AS2cCo1V6Df2pRDgmf5YyuK,LudPsSW
Tobit Bursnall,217.165.28.225,1EcXJf9hYGEtFfbk8aNbHRjw3E9mUeBMjt,yegY0YhKnq
Slade Tenwick,224.89.201.88,1CyCYtwBs8tfTz4PcczKSFHvJQVJAmqzmt,KEYCIy
Bev Sydenham,238.190.71.88,171LFcwFiDmXufK2ShYDbvNQUjDpUktrgR,nuIXoZYW
Olly Runnacles,6.216.103.1,1D7SPiHF3y1Qb6TxczkGdWNsNcSCKmEaK,rFPsehMbZEe
Asa Rentoll,123.128.153.143,1GcBc2qS77Bc2xhcbFswxam2XiWCExztk4,5zeDxo92Y
Paton Gauvain,113.224.41.32,1AccvV1VG7xPFQ4QKpLy48ZWJvKJ2GBLfb,7Vyfy5ByRoc
Beniamino Atkinson,186.46.152.66,1JEJcXDCKyhrJejAmY4JRmnzZZkUHEjV4h,i1CJY3L1
Aveline Munkley,254.139.184.37,18Af7Zh9sg8igBGSVwYmVYgo9xZnXyDT8s,kzU7bxVkW3xd
Aurelea Aleevy,111.26.148.197,1GMdg1enFzgJQsyFWM5HWJgy5pNpzfas9i,mR2LiIPy0TK
Patsy Champneys,5.40.65.206,1KfF3j8gDPFwFoKBgTqtbgEKbYvEtBBEbk,Qs6gQoo
Carmine Stracey,225.177.154.221,1ADzAbQZ1CvDgfFMPwEZjvb4hkFZww8onT,OOMkjdgcpk02
Pietrek Romer,239.68.201.36,1Psy9qE6H9wNcHCMkWFHPiENHypmwpRgLX,k7pHqam929
Goldia Khrishtafovich,33.232.43.5,1AKUCCd9gp7TgK96tomVcs9quxeE4Wf6sJ,MNuXvb9
Maure Curtayne,152.40.221.170,13ZJ5sGy5awkhEZPSzrVsxe6SC4fPdQWzg,S26Kqk
Winne Johnsson,161.176.238.190,1EBX6SKnUBPAMXoabnFgArMu996p5tNcmV,ZQw67lJw0
Lewes Godlonton,176.198.229.245,1BGT1FSLYruKzeSfUnJyevN3Rpgp6akpHu,z2XPlQ
Udale Grigsby,252.57.52.34,19BtkQdmeLzL3xysEvvCTQb9QcbhDn2dah,0nCPQ2NHm
Emmit Thaine,180.95.148.174,1FWVWtu1E5yEVtPR1YTnKqpqRELz7JZQTR,tfpnUG
Priscella Piddick,202.216.19.103,1LAPDuPjpc59wZCr1dxnPAvsk7DvtaXBiy,JuJLJvJ4LX
Wynn Sugge,63.238.214.177,1HkShQVPNQEFbZsouhrUaS9KMu2yrov2rS,EXkj8SrtQy
Terri Beckinsale,110.186.28.35,1CuNds1nYoB8tYMc188hM8S41gM2quLRnG,TLOddVFy
Guido Morant,183.86.130.94,1MjmRjYtBeak93BN2CWVe7K5gxfnmFxU4R,sdtLXpnFT9k
Marita Easen,215.85.48.219,12KyzA7efZgtGRWKTSaNAxnVTsp6TPjpk5,QiqsFBgj
Lester Gildersleeve,242.235.29.50,1HcwQ1uRpJ1uG1WtRUYJLyrGaTgQ1SfQkt,dNwcehXr
Guglielma Coetzee,55.91.229.200,1MZMh9Z9FfKfcGEAAD8NidGbyDVNK8L5WN,2I3mVdc2m
Willabella Oliphant,171.127.246.35,19gZRXmbgLeWiAxMn4N57mQwXxewoWkyZ8,48Vd03MkAN79
Vladamir Danford,37.225.96.239,1LGri4eK2bH98nLUbNZnqCc1DKCsgwVkM3,y3oM1z43K0
Teddi Harbison,220.203.73.26,18Kf2DfXBPDgLgT7Jx4Vf1SnTURFehXA4g,2Y0ocQ6
Dilly Wedderburn,70.121.173.173,12TPzHiLVaN5MWNh6cG6Nf8AQfC3GU2DZE,EKas9QjL
Adelaide Mostyn,255.55.114.145,19kpG1XfKDybYupF7S7d6rWQx7u9dpdraz,QOSmNzt5bw
Morrie Skoyles,54.30.31.253,1EcVqkQm6oYWwxfK6Z4PU6Kx9YQJpTRHaN,DtrzyvU11jQi
Mufi Aurelius,62.204.138.93,15PJi4L2gEabDNg9qN2h8Pj3MAfcH2f1he,vtzFUjGueoBl
Phaidra Sallarie,255.22.191.128,1D5Tcxu51aNJZnJo7tozLawi86BQa6g28e,gSGtbo
Taffy Doe,39.151.131.220,1BJ81x2PZReicEG1CaNNL7DjsDtw5Boz5d,v1b0JZm17nJq
Claudie Rastall,192.172.36.28,1fxzcSb4oXQftuJoFjG1FCh5E97fawgw8,jaStELxlw
Pete Stiffkins,82.150.132.41,12436nit3ECu2jn9L4TCsG8FPm1XyLmC2j,jNUqUDKi
Riley Camamile,88.22.3.207,1GVUv3SoxkniTNpXViuxDuoQejzTxHnRsv,Pe9gKx
Jolene Frank,164.138.227.27,1Egpzxmr589Hw3wLVHAheSNcBYgzd88Aog,sNiGYFFY
Merill Wormleighton,231.82.140.22,173Z74p9c8UGoJmE4ricQFkSend4dKfFHN,rH0kUJ
Damien Ballach,232.121.26.186,1F78sFvA4j2LiwCgVsurQCD3PPYrQF1gme,c6S3ujL4I2XE
Alissa Hamor,11.86.118.130,1JZdxrjVRPkBLCtwE24wrGsWKxKjDJ64zD,9ffzm1M3
Kaile Duddy,120.236.74.124,13TuuYkaPqZefX76EvTd93WMtaeATWf45G,nSbOhzRNAe5
Osgood Rutherfoord,16.15.109.31,1JnnfdroXzwEdp2YeEzRQWBbVVnfTdxwx7,I8ZnVCvU1C3
Carlyn Lisciandri,134.3.53.108,1GFgA6YLc3m2wWhb9CUi6yXkJ86W7jTttJ,1C5Ixhb
Zoe Karpov,239.186.103.135,1K8pBwzEFEXSNbdSWFkEJtXhLmcqNeyqA3,2b8rSM2di6h
Erica Lissenden,112.206.30.58,1toozziJikuuQQ9qsWcwyVTfdke7DNKyX,lvQw6YzSNL
Denna Drayn,155.30.19.228,1NqUviffYxhs1QqA733j8wLzAL15vxEfW4,sIZAQx
Shamus Diben,176.0.16.111,19EyPodzGgLQQ96BLiYNnDkBp7BXbSrE2g,weprHvwp8mCQ
Traci Rekes,129.199.117.83,1G2mbfSDmpRACo4bcuCyBbgnnq37GDK4SH,cuRsQawy
Britte Bowne,146.140.47.31,17EFwkgb9FC4MEDQmT4PfNV2MQRrporcRs,XqlJOUGuk64
Rollin Muzzollo,59.24.186.247,1PvUzwQHNF9auXghtFtq3UHFtZRkMTSfFD,aJqAMfeN
Dorene Whittuck,117.242.248.81,11ha12yXT7MKRdLKudWuqyRZp8pQVi6zm,5ihIljxtyt8s
Bartlet Dobrowolski,186.10.202.30,1EQB4LiPYbkTWXekXhb1ykt8zfsrMGSV18,J0VnF5SDp
Abagael Leisman,120.117.49.92,17sntn9VzZpPMAVpc7FTcMcDUZ5UwvZxB,BTQXR1UHjo
Mariana Fransoni,54.195.14.231,1DSMkds5wxuTP91kEii17hjkktM6oPZirv,ed6BJr
Barby Baudin,57.65.199.137,1CiaRyNEZ9R1C4GDHfWsdSfkUvWVuPaZG2,0GKsTo
Addy Blenkin,117.1.173.103,165hpPvavBgRXzfCSp3cc7UnjypLZF7pbr,jCiHN9HiTr
Jamie Sorby,1.28.176.199,1FADAi6n5hDdVMYVTruojydXgg2pjrsA83,I6JvB4aD
Kingsly Bedham,15.150.109.105,123Dw2DYuy4dgotitc4aFrgDKgx964Gx2M,rn3X2acpRuR
Gaspard Gascoyen,158.127.251.12,1FPcP14J5mZi2sH8ksSmgWa2Sp8GfWj4fU,fwuTpkgkvGu
Allie Brigham,86.118.42.178,1G9zCGkZqSMX26vvypZGqnr5VKTrHh59h7,3fzrTV6i
Illa Van den Oord,151.185.205.118,187Cnk8D4ybr64f3gVv3Ycqe5EgDFyiASP,vtiog9azH
Rosaleen Hibbart,115.8.250.231,1NHCKfGcMxoPp6xmqvSMZfHLBy1H3qiQAa,5aX0Oj
Coleen Grabbam,225.224.205.147,12RiaTXwdS3zV6hy19dtmd7mNy3thEiqyi,EwSFrqtVTB
Ignacius Ephson,132.42.78.232,14DbFjXRhAMwqxzje9tbdkU8CfcVYEjxDb,Kbvsc66u49yq
Donal Pointer,28.44.186.2,1J1WsZNSZDoJF9D6CK4NBywttSwqxFguZq,h1Xe2C
Lonnie Rubica,209.71.226.182,1ApKsVByf28u1eJ4ucEeZ3b1MrKbzJQjiu,8hAnRAQXK
Fina Westnedge,70.232.134.13,1JFhamcU8hQB9ZebqLBK4HHaGax6ve6gNj,kguesG
Fowler Verrier,205.199.46.243,1BrmxcQHKiJSq49Dt1wzuouAB6yJhwU8eH,gC4Nz9gzio
Barry Espadas,102.218.143.150,1HqSkqVwAn9jW3Ru34bevp2snvstEm15wF,LUwKWJqShblE
Lona Galvan,234.185.216.250,1DdyHCVf79oStXWprvwycuZDy8AzJnjSzx,q9n9f8cc
Kristopher Leversha,108.232.63.45,1P2eK4fCatAs1osA4kpDj7GfNA9wUZN6Cd,QIiqUfBBKL3p
Tanney Japp,53.162.171.23,1BXA3CwEXxNdyr5ZVKCPJL15prrQBPD5Vp,VUmirvZWx
Jada Washbrook,83.163.122.29,1Ad81wTEVzs7HF4bTkA1i4txsB57vjWzTq,wMhwe0UU
Kristy Karpf,220.55.163.152,114t2iHVGSx78TMv3qANrRi7vNpAzQ6Ktx,q4jm7fWx20
Paloma Waleworke,5.159.94.148,15viiCxxHk9dtmb1ZMBjGxfHoQJPFG9jfq,pwyOiEKCzh
Orville Balser,170.28.102.88,13V4QoN5MYiEoFAKVUpkV5xcfGHAxwL6sb,o8gmUQ9UBc
Artemis Dowe,17.42.117.224,1Wbgx1mL6uioQS8kguHGYEF9FjinX8xgx,ntyQcI
Perry Capelen,253.190.61.115,1GTgwUSWfmYaaaqyDF5iEkzN47bSka4wky,WMViq9uS9vU6
Nettle Northrop,245.177.217.91,1JFc6EBatMJ18DkRryjmFvuyPmqWtJd4oX,M2EAZTVm
Giuseppe Harrild,93.221.98.145,1GdsEv86SPmsVnZbLZAETwcX4fPnZffMou,6uV0EJOae
Berti Blazewicz,230.199.212.3,1EGpSNCvHBXJsam4QaUrbweZN96FzSVDYW,JOl2BA
Magnum Brittin,181.32.204.41,1A5wXPeSJQzM7mrzoBu6NB5fJjsxfzXdvU,amfP6MeOXBR
Pen Hildred,103.83.176.133,1451rburmWUKdCvZw6TmPaSwj8UaQLvyto,N54RJNc1
Quintina Freiburger,26.94.195.28,1JEHqJt8dxwcZLLSzinoZ6tdx4AziNN7PL,cXIBLsAKx
Freddy Gavriel,140.144.228.95,18TJEV9ywswoqLdu4VW24GUSX1eMwhLoFk,cJCCd7g1
Amabelle Robez,103.103.47.201,1BgM9PH2YY8NTJhBooGFzYCJTTQzFHFR9Q,5YjxQonUij
Olly Wickendon,114.81.57.63,16b2rwcHYqBQdSSPH6odn7g3YyNaXg6nvR,SaAH3lZsU
Tulley Foxhall,36.9.212.203,1BLf8xknbCPtQEM1WoeV5B59W6mM42fPR8,SUN3K1
Jimmie Beels,225.103.198.114,1NDjKC7fLU7pXFVPUPkiMQfWy5hkNRh89x,XLIU5WV8
Adelbert Fillary,103.76.35.142,1Ce7rYDBSkaBBmQPByiwQY5SrFWEm7H6N5,ImIjNhf9b
Hallsy McIlvaney,53.12.73.182,1CUozB4JhFYHSJGveKzNKpFJBeVzCroKnY,3y9oEubKSJy
Rora Noice,28.180.243.25,13xX3dRKNctozHDWuRAAWbz5LRr4cVpPVp,NvMImYxqGlXp
Correy Sloley,30.63.64.251,1DsFANsLZeEaWezurefumQ1m7sEQrT47RC,M94gIldg
Marci Snary,162.148.121.160,1PM7aqGGKRb2uQbd4x7ZGAAq1Nd6NyXEVh,HqbbTQFmcWti
Duke Goundrill,23.102.131.39,1GHHCNUBmJHeAXU27JvXupB2Sp3XbGTNKt,gYxZGv
Kimbell Yosifov,5.40.225.151,1Hqbj8YE4pECmoupT7V1AFPMW5znQmt6z1,Mt2ioWR9Jwt
Ruggiero Frick,6.148.93.148,17vD9W43D4qwkCkWi7Y1xuBJF877uon9Jn,laLMvM9PKCZt
Kurt Melbourne,29.253.228.89,1GuAqJZEDdDNererJfQ6ghN3sS8LU69gjX,vHbPesudsPw
Ketti Lemasney,85.92.238.182,1HCvFvzgp9o22B9XEP7aD5hqjZfoUAbGmM,OunioUFLKuy
Ardys Vereker,213.13.28.162,1CRGPbSdcLDmwW7fRHPwtKbKMXNpw8VT6R,jVGQCRP
Nancie Sibbe,2.68.57.3,1AmNGdv2yJCJB189MCM7ARRDuQEj4Re3RP,s1OnkgCjG
Valina Loghan,160.67.158.212,1LjYXVwGMCVkRFePFa8NzHNQ76EYenVGic,jdKH5xH6mq
Cristian Jellman,61.142.248.252,18gXTYjmQKnoWVrjfA4xvvMN6DzgRUi3wn,uaubVPv
Rheba Myderscough,83.135.230.185,16y5VuzBFXkifR8fdUHXgqEa3yrD3AXnw,QjS03oRoG
Leland Kilbey,172.108.18.72,1KnCMVZ17gzJZPF6kdmdcVGqMnEcYtQE58,eOBRPByS57Ue
Kendall Gorham,84.133.51.82,1CczRgZ2fqVwtKC7NZWQsAW9tJrSxed7Q5,vHEkDsI
Aldwin Flanner,188.233.39.217,1CxwSQfX9gt4p3xZbPndLTjfvUPHG4Yhcx,mdwKC2jewACW
Sly Follows,156.144.219.150,13ZHDnwtQ3JbnRowJQQLAamdw74X8YT5Ho,YZsCguOR
Danika Burtonwood,160.146.74.138,1GnBxNzSo4u7d5MiC6Ao5qtrjb2JMzn7jm,N5qLnsbgjUr
Clemence Thompstone,113.201.66.84,1EW8V7M8NY5tR1SzFZzhGt6FdTYjQ4ej8S,8PYlZj7
Solomon Alabastar,63.213.45.103,14eEWPkuQfdWYEz4qJVvnhhACo2pXP9PtF,BGiEGwlznqV
Sharyl Rasp,213.98.62.184,1AWdkbyKgKdpB3qvDYE7Bbo5KPsvnRgig2,mO9fxM5I
Liana Couser,28.247.207.211,1DpwBEiY4JZdzA4DxHDwqVoUJWmCZfXMsL,4e8gEQE6k
Emmye Caldaro,3.141.249.51,1JybXCpbGzeQR1RRFX94V4dLyx4p1qXFPR,GRUZQfwvP
Helyn Malafe,36.205.101.43,15VyfnMzfzQNFeh1ZGx2f9XZfcfpVibX5J,DekRS6t5ZV
Neely Everill,227.208.201.87,1peXgU2vF9aT5BmqwKGfW6NQPCuX5NfWx,dyqAVXySx1xo
Warren Ivantyev,11.137.142.19,1HFfnV7iUSTs1C9d1dvS6ALGbYETYSeMs5,BCugLJTIRKoY
Adeline Heminsley,28.202.141.61,14qsScDG4Dfi6F7tdCSiRXZM8Vgt2s39uh,WLiPmQebG
Anitra Jessett,29.219.182.231,1KihHrcXxK24zF6y4qVHNiYpHxsZX83Lum,HMNiy2e4
Etty Fryman,50.190.249.137,1HC22VDDFcpSiKiyPeUe6g5a9BKXxYhxo4,BzLfgOT1xiGX
Portie Gainsborough,239.148.126.84,19uCxaDRdt8EQDfnSHFTvMaRhxhttU8cv8,DG5op9kgl9
Bert Waymont,227.189.153.194,1PLGEf9segJss3xidctDVKJqk9wthgT4s6,FVPPyV3wU
Garik Feedome,77.189.77.247,1EpXDbgs1hjjiWhmkoBTMSb7dKxbxxu4aJ,MU64Ib7fIkF8
Jaclyn Gibbens,174.77.255.65,18uEWDAnf54BCQGFLS8t8DGbSGvqc5ZDg,SRnloeDE
Omar Lyles,128.17.91.102,1LXzLqfZRFQSkmJsozrh9oCP5eCZP4bxZ5,3j7KXyEDr
Albert Elbourne,131.222.70.16,1DQ6LqEjieXepFyQUqSsYTFyQ3t7S95cWj,CSBDqULyx5N4
Deedee Ogelbe,183.181.85.108,1B1UX1oCneuzjXLR1rrffSaHkQswWcYzq4,3lChgaRC
Collete McClarence,44.147.166.195,1DTFBXYEMTn1MRkHcPWCCKq6w6JNHvGY5M,dUxAHsjuAQc
Orton MacMeekan,121.146.127.36,1PdJkrRdbYvzZiGjEhVKvyoJupfZnC8688,qWBRLdh0gN
Allie Adshad,64.112.76.89,1MbusgMqdj5KoJcpJm7NCmqnmdHPc3gJHr,0M6iUoTZkfgV
Horatia St Ledger,161.62.83.45,1PXnNJRiq7HDg7PDX8Xq5S8uy2aX1HT3Vf,IS8eYauk3
Sayer Kempstone,127.65.108.155,15jaeFhvxqtMcw4qm9h9F5LVZojtTMszTF,EvEG2x
Yolane Dimond,172.160.194.39,17HKEULDBB5bEBwP7H8zDL8cketJ1sPV3L,7I6BdCDgPN6
Fernando Polkinhorn,216.184.180.65,1R7RNe43ZH53gLH8Ui7DAmyph9iGQDGD1,HVhm7uc9JYL2
Clarabelle Cersey,19.130.75.96,18vBAkRdTKFbNVxNKRMPqas36ceSRk2n5,DhBSWQWFEfY
Rafferty Carlaw,247.31.214.237,1F8hkgc2SWAXJQ6TLz6xbFgaj7kLgDhDug,2O8ALlS
Tessa Kilius,5.242.200.250,1GTHU25HvtaNDUsGCmbbFzpKBRLhtHohDj,rm85V9oGzY
Chiquia Roseblade,126.71.101.212,1LQK9HMtZ5rUdk6JqVUyBbGgUzdQmvMycf,H7XDu5F
Lacey Forton,122.174.99.5,1DpAtn6LZKPASmg1zhWRHWFB8V8RH5MTV1,yOMCSG9
Jerri Byre,209.111.208.153,1CaJU8oEuNDjNQoZrX7JVvUfm2j26PBQ5v,iACW1GJdyr4
Eddie Robjant,213.227.72.123,1A9shz46865chngutzmvh8fdREQh6ktAYd,lZIoIloV9lUm
Merlina Kollasch,188.98.226.91,1J19p7bYzjbxMHiienB4MmT5iWsd8fiFHW,p1WvVQ
Marin Hannaway,57.107.177.241,163pEsGssWUihCf5gXeWr7kyfkuYHbGCXp,HB3Tud
Ramsey Attenborrow,140.120.32.235,1GeUMMThVZvVQqrTYTba1vky1Aa5SENAar,PNCJfyn9
Town Lindsell,209.127.249.35,1pvvYNV8MF3t2atCwDN3r4hjTHjgQHg4V,3DMr8Dcj07l
Ingemar McClune,226.151.189.61,12ceAWFCmQdStuYvDvoKrJ4Cz1onAR2yN2,2BWj1Te
Nicolina Trees,0.66.243.181,1BURs3KKufHzrK5aU1HKDUriJi84NRvLW1,ZgEgLyd6E
Eberhard Lovewell,180.185.14.161,1FLqkEdcUutkgdBYUB5aHHSBiV1cE3US2h,LAVvZEJh4p7W
Laurel Livingston,171.52.15.183,17gLsiazUWvEo8tGhQCeCgcVWBffztiXfW,uCKrIhfjD
Ted Obern,153.76.211.62,1PEogeRDk2SYhv1kFZLrxDJq9RxuFNL8tz,Nps5HKeSQ
Edlin Gregori,159.35.201.244,1LY9y7hDmuiqCNZeS9vqgjsDZ1GcDiXZq7,OoSZ1u3
Lorens Life,121.6.94.113,19c1AM9aS4oMuJ94fAHgJp8AVWNUtYXQS4,HxYtxTwPB
Kizzee Andri,34.112.167.226,1J9VvcTWipcF327qtWc5z4SHyLW61bhVCd,mElCeae3P
Drugi Dugood,160.69.225.6,1F3wpzzSXMpc8GX2yWquiaGPf2XRPUvKfh,faQKQR
Sigismundo MacSharry,137.191.181.148,1wwrWNGRh2P3GM9oyvcyKuVUHoYzLbGii,IUJMtk
Nissy Stockman,108.42.227.142,1BJzx66cY1XGsC5XHUmwgK6aurMtoaBVeY,9l4o7Cr
Inglis Renfield,64.38.143.191,1GZ4AKbU3HFB7AbeJhzCyTVUvSXFUZgmaF,8PrZWbbKBR
Feodora Adamthwaite,110.239.34.37,19ckpDV1eAhFjGte18UYExk1WeePmufz7P,LqaQ6vwvJS
Melosa Letessier,232.28.47.187,1HifA5GEe1wzqZExFktx3fgJqkvf1nZahT,BRhNW9Qe
Quintin Dodswell,247.44.255.164,1MFLZLQa1ZvWkuTLEqaZmkXZ4XFc8RkH52,IjI27jOP
Jackson Salmen,6.179.52.97,1A1RfUQNfWGSj68KWCNGz5NeutFjJs6p7t,yzQqETVJUFEY
Myranda McGrory,73.147.172.30,121PCTwERt84W5bM4xiiu3TzD81T6mJaiy,iTu5gAaM
Andromache Pashen,21.31.90.15,135g9otuayr4w4w56kxUsehW5xoPUFbseY,ld7tDA
Coletta Welburn,41.160.163.183,1Dsz3mn8rCHWmA4wG3CkKYB8LnzUjtndpN,nXMhS0
Florella Burtonshaw,42.137.35.232,17xYT3HiTjesJERLbBYgMpUnTYBoRDVmRX,H4a64L
Juan McBratney,15.19.54.140,1LWUFB6GgyFxNwPT8d9CHshL6uKTptoHZe,Fs5Wv03
Ruthi Messham,210.25.250.218,1Q6w2BBk1QyNM2kEYahvjeYiZHurTNSwS5,Lx7oe6C
Rufus Crookes,33.22.11.209,18MiyYFnuvwvavkpNknnNqszWNTgHgtqu3,q68gWS
Lauryn Dy,240.64.189.149,1HvXurvSmJMqJtaCcyDZwE4v5oYpJaUEUf,B9AKOFGU
Morgun Girodier,53.172.149.149,1HChcv4fXGeZ2JR3oqfRJmt8r4uifELMBF,GCos3Lkr5
Tades Vedenichev,215.103.254.103,16YqfZEikLsppY1LroZYvmbvmdNTd2DkAM,uc0hojzZcZfg
Allissa Claughton,66.188.213.19,1MMKb98HNZ3Xzu71SCoYueDqg2CsWmDcXJ,7WzsyCg
Milena Mulran,191.141.9.96,1EZn4dp7vrudvZp9nHqvdRnEGa2rDPCMUK,Eisgzm
Millard Joburn,98.26.204.125,1GCUBoWA9tB11Zt68NKWyP6ZkZxQxA4PXL,zu4nYG5R0mts
Aldo Forsyde,94.232.7.110,19MmUfNzKDsJMZ8YDoxhLDvC9Z7YAasJ1C,uNJygGjnw8o
Yetty Wheildon,12.82.90.116,1vgBpgSPtdSbXw1Ge1LWhMdXNP5pdEPJV,Cl4qyqtL41Cf
Francesca Withinshaw,29.144.40.112,1D3bRcazSmTGtTkdkbv4RDKwTMGVeBbv5e,vbPrrsIl10
Mord Comiam,223.94.208.78,1EfQ34GueQ2MWPjnjZWnk3w1hv3jAaYuzk,KlNi6MhwMkG
Danice Barczewski,228.206.91.36,1LvTDLqbitsZwbptYASiNYfNR5ZuuQNaCr,eJ6GOmZcv
Julee Wisden,236.46.155.186,1MFSzckjFj7DzD6aowQkXdLJsipc4MtuxA,kABXkTF
Gizela Nott,65.14.167.198,1H4ey2LU6B35XqJQ6RosSw21yWauGpzWnB,W53mdndvjj
Mordy Sleaford,23.171.247.1,19BJnpv2yhTMSpUQKTZ29mGDVC1r5F1tTi,qmG1eTQzGn
Brand Wallworth,184.90.246.50,1BqceUYJrg8nvrQAJhK2xWfZXh4ygvUzm2,Z0utCDbRg
Donavon Ivanusyev,163.27.22.115,18A4jeJhHambYMhX93BXoYKC56ceMbp5ie,v8eu3lpkAWz3
Randi Kitcatt,206.20.232.90,1MkKMtNX5N7jjBEezpKSPHrmwUh9F5W2oZ,NvH0lQbkWhc
Ingelbert Francello,150.35.11.53,1JjPWhKyBUafSWYaJn1e5rjeQQZipgyBx2,MaJE4m8uik
Kev Moakes,188.182.68.245,1NEnXVJJ6ai3zGXpUUpem3xQyBiaAbX7FZ,h550qwnyH
Daveen Bollon,11.35.69.218,1LeqTrZtPi7pi82iM5Qya3GdbhYFRm8ui3,tKU60HHuOTL
Shay Stripling,43.105.155.159,19w4uz8PEWpfbtv91QLS2XaCoWmierRJgL,NKWJCmN4f
Gretta Iremonger,65.179.67.236,12cKHt8JkZsyzVCWLndT5G6zyYBS1ceVN3,1Oe9uKaDr
Ivor Ornillos,210.130.165.208,1E2iSM6tg2yuEPF54LFuEAZjMTs3qri7Rg,oY9guR
Melvin Crockett,29.97.58.247,18gzDuwfZL1RVRDgm2iGE1ecx78E19yggc,PCt6dw4gj7u4
Konrad Trobe,18.106.206.124,1DNnPA5grseGGbUKzA14u8AJUN5kVD7bDd,jdNhtXas
Terrance Drieu,10.234.183.255,1PYgYcH1zK5PU9aSj6753DLbadg4EzYfL8,fZCrLyYQ
Urson Boaler,226.244.107.83,169rdUNAvQbpWKyuVLQjppWyff3mcX2FBL,vAnHFnbtZ
Nicol Oliveira,156.197.46.228,17Lhqk1kD46iMA7bDDAVC1p3an7ZdHCjmx,cUQ9BegO
Leonardo Berends,155.51.195.28,147pbMDicvszoXsSC9GoCDJRQexLNPG8hW,pNs8uWFyj0
Fernanda Snawden,163.149.6.14,1H4LLTPm9FBftUzs1J7yLLoY5hnEXdJVUV,cKmOXC3
Denna Gooddy,161.23.247.134,13amtQruGsCHmdgN73gtTibhw6iiAcVVto,UtoUsmsso8ZT
Cecilius Daens,105.189.173.182,1GZVGcUMZCFxDetgFJPL72rZWruaFJhsxe,n6cMzmRXAQ
Birgit Fritz,139.109.159.165,14wTzKJTzUvQJCs6a11SoN8fX48vj2drKJ,dbMsOxp
Kaela Videneev,18.138.46.236,1DmkxY6a3k6zWMjoU2WiG4wR6wTrFregv7,1E6ui7h8yC
Shannon Spickett,132.21.186.198,1GpnKM7xeQyYTNYJjE71KKt91onKzEkh4y,he8ewKe
Syd Hanshaw,32.92.64.190,19ypamjByZZmSXDqsTrAjwtckCeHUMANuh,hH9fYIUi
Libbie Forestall,56.80.131.181,1A7kQqBeVX9qyuUGqMjcBXw4CvH9XpZpnW,GVOPot
Michael Hercock,163.249.154.203,1FjZcN3nAqZr3p29MMXikySS7jkNgbHxxx,qWMvIDPbb
Chase Gauntley,0.63.159.224,14aN7vdzPwuY3Hd11sTjB8we3CX9F7PGWp,ZbzEB6EjqrWd
Dorelia Bixley,97.90.191.204,1EUYsVxhigPMLSsFFq8qo22bZ37BgrbQ1y,3wif3bs
Arlyne Crichmere,71.169.127.50,1LBNj3zqUdmW8jCzqAYuSVJ426MBFVJLC4,ZZLCemN0
Helyn Laterza,122.233.37.163,1My9UittFHRidfbGaPVFt7bvRxh1zzjX5c,O46aIloZkr
Alisha Ludlam,137.91.0.169,1KVPrQeZ99GjmqKwLHtaELz4XPVaxYS7av,fNStKurfIvq
Myrilla Uwins,46.165.153.40,1454CL4GfNfbwCX2iYfjni6Tk4ku3RiDo8,v3vz4Z1ftGZ
Dare Vynarde,183.66.136.19,1DwthDFo6s4bL1wt9H9kWb2xY76mF8Jc8t,9Z6GO1hbMhk
Darelle Terzo,3.77.67.122,1LjTYMT8MHqsDFSXt3KWjv9QRyEFBQFPZz,85JSo9
Lorine Leebetter,165.153.231.217,12kR64CcU2Y2DeruvSTzZx8jK6whA5qjnU,5Z24ci
Wynn Gladbeck,149.100.228.61,1K5Q7mocaxMoGiYpYVa3kQ4HXirtkSbju1,z9ljvxTo78rI
Brendan Wenderott,108.152.126.21,16o91H2BZLfFV3hA3esszEUhcqrwDqNAnJ,4syi8EgT
Gualterio Soigoux,157.45.203.91,1GZiYYq76oo85dsBiaetGRTPUmTmi3vSjB,HTZJZn5T
Roy Pawelec,195.60.205.140,1P9nGMCJNo5WgW5brSTP5utYf5r4a4qARZ,Z4VWklXUSokA
Alexandra Brenneke,149.152.184.11,1VNRrHr2ywTkxfNBGSjA7nop6BkatnYcZ,iVKgYnJBaW
Melony Smeed,125.195.202.211,1vaRBz6Qt1YmLos4E6mhFntUcQFpNcwyX,ikeQ4Z053NIS
Jozef Van der Merwe,111.12.94.232,1HUDR8wvtwT5S1sQxdoZqctEwUPs9LHMJZ,WOzfYI
Morganica Tribe,17.61.5.123,1C1rLdAW2fRvPy7oDW9vdDAMib38ZncDC1,u2hBwp7q6Y
Tore Clunie,79.217.141.155,1BcrtavXDa2jXmgGgb1FakGUcf4G1xahcn,4xwds51
Chrisse Hatherall,11.167.32.100,1cSb7ECKiUcTrdFVU14TYXbGqipaUmxF2,WdcDJs
Amandy Bransdon,125.68.230.176,1JWj7v9eWcwC4MHqaRYjH6RnqpVQeRYWMy,DmACwMNQpQG
Nancy Pearl,72.184.93.201,1PxbgSwjhvK7CZ4zW5u3yA5RcyXsfMzHrK,xdn4QrPUTIk
Carrie cornhill,23.96.40.124,18k5nD5xR79YVxGfot2sEHTbZaWX355T11,FcX48S8
Jacquie O' Dornan,108.14.142.34,1M4iKz4vbdedUpLBfbpbQm8joyfWWjD4Uu,kCLtZxRjM8P
Maxi Schankel,119.121.202.117,18AKknegxVYAJEDruUvin43oWhiRDeKZ88,Cxmsy3xyV0Kh
Hedi Eagleston,117.134.121.202,1M9TS33oQsMdgw5dghLXmMsGVVRzC8dmoJ,foHkEG
Germaine Dufour,114.241.204.109,14xseetDRSV31Mn5eDLDv6G4xqumBCuNhQ,bSqa7ksXWZ
Nady Sowten,215.106.205.157,1FbEJtED74m1YMQt88tWx5hsDKz1Bnm3HT,kZAUOfa8I
Starla Bowart,215.135.247.141,14YcTX8AS2k6MMCSqRaKysgKoNV22E6T29,8tfyarVWQLF
Joshia Piatti,133.96.185.241,1E46fmQxAcXkodo7eFCX5XbwBkT8CoJTdL,6H5wne6zc
Hugibert Shaw,198.65.101.56,1FwBakSjFaSSfFEoUVu5U5adn5gdRPpnPd,6frniaQDBfBE
Janine Eilhart,171.236.173.10,13FyVLTn1f11NfkLvzPtj9ZrVvxmGof4Kc,h0YWf45vnil
Desirae Mion,119.161.231.37,15VmkifnLZDTk5usHu6zbxgWm2r7MYYLGq,T0v6gf
Hyacinthia Elsmore,98.183.39.41,17Z2pfADm9MjMnCqkzXmgdrfu6vufhDvfX,QPNJBy9pVQ
Bay Scouse,86.1.121.182,1PoFMhLzR5S9VeiFYbWneixexmQkr9rjgQ,lUUgKTnRx
Rosie Jirzik,13.130.180.237,1EWcbTTuWaqUwYnTdk1nXQDBwQq1RVwUhy,qg6h6k
Kimmy Schoolcroft,72.52.204.112,1KiWfGVe5PT5TLjXYrNTLpYXcVkzT74ADo,tuSSWe0
Bordy Winstone,21.167.160.249,1K8bUNVMYXrMDQARPaA9eaaMybWqicjApd,YFYUvZ4wIn5
Mitzi Bunten,127.207.186.104,1Pnmie2ghf8nP8cBjWGxM1ztpNmMbhWVUv,zTtDr3VM40r
Rees Madge,127.125.179.51,1MLyxYDv3Jw7JfpMzygJNsWqYiejgJH128,oeeeECCQ27
Ellswerth Dunabie,158.175.114.170,1Fuwar8arAYKUDscCAN9WJq33Ak4fUfHKY,Pqw4bGhE
Lexi Gertz,49.245.237.92,1LCEz7pfZcEDXsyQpfaUGcQzPMspcqhJan,AB7SqSUk2tD
Paolina Cottrill,179.200.33.163,19VcC3tmiryETfvi64Va6kx9f2ni2anZnn,1xyuT8wzr
Travers O'Dempsey,91.33.196.205,12dVsU6Bpbmcob46Pd1fhB9uqMjpX3QbZ9,503lQ7jkYi5
Rubin Casarili,206.92.176.59,1PAQwm9mqeYSxwHdp7MwfeB9D3wEEfovpQ,I4vySnyX
Aurore Keilty,242.105.93.26,196nHPBsavWeGBAmddneZFib1gFkL3dR45,fVY5dTSKRns
Stanly MacAlroy,113.52.25.205,1JqK4QqHdarM3dPBRmHkiLhvFKEzZbHwrS,g40niW0Mftm
Aryn O'Hoolahan,141.175.69.117,16ipgCiWXhCbu9Acij6cEwB5BDs6UzMMCV,0zGwM9kJiJR8
Dedra Cleeton,110.27.55.72,1FdkecXyXXcQ2NY7ko31THcDq8APPT17Nn,RMSMp4
Irvin Arderne,215.238.247.147,166cKVVCbSnvVzBRQ59PUCExEAp7ZUmWP9,7yRM1jBc5
Hardy Corradini,64.58.145.239,17sG8A95AdofE6dja3XeiqjN323jcwMvQ4,IJPGvDBZPHq
Blaine Vergo,159.27.45.76,1K59rgf6ui1ixHuDbPmdGBtr3gREGbQRex,DmBgzzLlxZbi
Allix De Caroli,196.123.178.21,1EyTuTzs7arSWxutAEtLvJ4qYrFTr3n6Ti,UKS2drUP
Agata Bonaire,147.201.228.0,1DxcasNh2yRL9eTzc1WkgMenyLsQGV6VBp,0ERscsshtY
Juanita Siberry,158.164.77.15,14CX33CgwiLniDewgaBXSpbwK2rXCzBa1Q,KJdOs2R
Sandy Jezard,20.133.236.247,1HzThZ8BnchFSeTtFw5iDVtbx1k6h8EgCq,y0b2KOr5F
Doralia Hockell,227.14.194.2,1Dw91sPBJUZ9oMGYbAZ1tNsPR9YN1xo1fX,WKqAcFvLctax
Ogdan Tiller,128.96.74.200,13MSEor8xPJzgcf86Ct9WbzSCYZffPSXR4,eAcCTRM
Iseabal Methley,109.143.120.225,16Sc34J4ii8YVYxXW8M71NKWo7QwDxowLW,30Im1U3
Tamar Nance,76.55.48.6,1Ah8rFzFT1QhPacvQNNkiiMTyBgHJYbKKr,LlbZFko
Brock Lownes,56.73.76.198,1CDK4hXMjwybGLQrmcpSsu2WoixtScEps9,WLHSCpJ
Tiphanie Renol,243.42.133.83,18VYovqPiM4LmosE9wXS5DDXiKKTddeGkW,7WBLdZ
Minetta Pulbrook,208.179.132.56,12tZM9n6FPnovMH7FxQSb8Fafb7eEMA53M,NMvVBvHGG
Lizbeth Filippucci,186.183.46.182,1HXsjYGi8AAfwsvRGb8rWz1v5BDCiH9pM2,Y7v1ayipk
Llywellyn Piel,98.33.126.56,1ARh2CdFtD88RK8hVnHKJ7RDwi2QRXniPE,R1Sm2Z3dg1
Mendie Seabon,170.234.140.222,12R7Vj1mrbe98EG3vw6yNf3QnVR9sBAF3m,CW3TMCfvMI
Cathe Stoute,4.220.107.223,1PaiRm15YSXE7MEiUzdh5fvQVqeau1hWVw,fGJllHmzu
Delila Shoveller,12.190.129.40,1AJjpNR9N5mFB7MNVBB92qCATC5faDkB1u,IMaRviXSo9
Berke Sweedy,95.100.40.162,1GYPuWsfzyTAN7B8sNQjPB75PfABfjrkaf,YawNr7
Gnni Scragg,104.240.240.240,1EbvvovioL2GMVHXFnxvsgXowCEBj29RZX,tH0lRlSa
Artemus Madill,253.166.226.172,137DuNVTMseHDyRHxmgugfKFkPvVQSv3d5,W7aX4RutBL5w
Harri McLoney,224.214.122.255,1MkTTMbcAGK7sviWH8RUsKYLYuKMAsFkso,rointnN
Nicki Gall,229.81.46.123,19zgaTituvStitAaBqdKfJJ4x6iaPcFFQg,LYpdy0
Batholomew Goulter,155.71.122.199,16r2UieLuEVRrdQFvHDq88oMHJwfzg8Deb,PjJqtJkYqb
Gerri Isaak,7.53.54.169,1DVyZRLostD2fW8x3dbk1N8fb3K5PBHhS2,Oyq0YdkM5o
Vannie Gauvin,54.192.140.252,1KxNL3zKQC5hf13ZsApgX5eTjNJnheqU1F,VtTK90
Erich Presdee,134.17.189.51,12PSvzwfvrKjLy5fgFvdcfvpainRtNZvRd,51SoLdx
Sloan Thorbon,79.73.207.49,164zuwx4efW8gZ9BKSifTYrpQY9YaPE9XW,gFrfku7QN
Peyter Portlock,79.113.130.89,1NDHQA9xAkaKFt3v7BEbF9w88EEHJsrzi1,Qi4WkMr1j
Batsheva Shuxsmith,152.11.228.193,1EHY5vjqhMhpZyqZhpSgwUgj9PWWpuS1hz,sCnXgPzC
Nani Pecey,181.149.101.89,194iqvS2sLv4ibSCKueSU2uqDEYeo8bQZS,754s9rqUD0
Papageno Hastilow,203.251.117.143,1Kg3vjs4bwNv2nruEwy3K2KcAuRT4B1ze,MuntirmaUQQR
Gussy Binton,97.140.165.142,12W2bUNVDpbeTdkyMinekJBPb8HDDTDDft,y1D1AKWiwYw
Martainn Trehearn,213.39.213.125,13YZ5Q8H4GFJbetR7wCERxmjQGTqxeZ3ec,tmn4IEQ3
Kinny Baswall,136.190.146.219,1GsGEGVDYjPtDzcQyHgdoEHuHdQak8MDwe,fBtKEJiwcgFG
Julianna Ingham,34.172.55.231,1CQaj645RUk533PjqaBdwjtDScio5XZu6n,XI2jac3Em2
Neall Stent,92.210.78.88,1P8kZVvU2YeFUVdd6tgN4ykjaCYqehpNkZ,jyte3buMK5
Anderson Maasz,113.101.66.60,14i652z11ZAGSYa3gzczuncNAPY9oXP6t8,86LKdVt
